gender,SeniorCitizen,Partner,Dependents,tenure,PhoneService,MultipleLines,InternetService,OnlineSecurity,OnlineBackup,DeviceProtection,TechSupport,StreamingTV,StreamingMovies,Contract,PaperlessBilling,PaymentMethod,MonthlyCharges,TotalCharges,Actual Churn,Predicted Churn,Churn Probability
1,1,1,0,61,1,2,2,1,1,1,1,1,1,2,0,0,25.0,1501.75,0,0,0.0030898007
0,0,0,0,19,1,2,2,1,1,1,1,1,1,0,0,0,24.7,465.85,0,0,0.030288665
1,0,1,0,13,1,2,1,0,0,2,0,2,2,0,1,1,102.25,1359.0,1,1,0.5267077
1,0,1,0,37,1,2,0,2,0,0,0,0,0,0,1,3,55.05,2030.75,0,0,0.0925024
0,0,0,0,6,0,1,0,2,0,0,0,0,0,0,0,0,29.45,161.45,0,0,0.18846959
1,0,1,0,3,0,1,0,0,2,0,0,0,0,0,0,1,29.8,94.4,0,0,0.11893881
1,1,1,1,52,1,2,0,0,2,2,0,2,2,1,1,2,80.85,4079.55,0,0,0.18276419
0,1,0,0,15,1,0,1,0,0,0,0,2,2,0,1,2,91.5,1400.3,0,1,0.70764494
0,0,0,0,26,1,2,0,2,2,0,0,2,0,0,1,0,69.5,1800.05,0,0,0.2903543
1,0,1,0,66,1,2,0,2,2,0,2,2,2,2,0,2,85.25,5538.35,0,0,0.014422251
1,0,0,0,4,1,0,1,0,0,2,0,0,2,0,0,2,86.05,308.1,0,1,0.61487854
1,0,1,0,8,1,0,1,2,0,0,0,0,0,0,0,2,75.0,632.95,1,0,0.120176114
1,0,0,0,48,1,0,2,1,1,1,1,1,1,2,0,1,20.15,982.95,0,0,0.004681067
0,0,0,1,10,1,2,0,2,0,2,2,0,2,1,0,1,73.55,693.3,0,0,0.13679059
0,0,0,0,64,1,2,1,2,2,2,2,2,2,2,1,0,115.1,7334.05,0,0,0.0032937855
1,0,0,0,22,1,0,1,0,2,0,0,2,2,0,1,3,93.2,2157.3,0,0,0.3550419
1,1,0,0,1,1,2,1,0,0,0,0,2,2,0,1,2,93.55,93.55,1,1,0.97739583
1,0,0,0,67,1,0,0,0,0,0,2,0,0,2,0,0,50.55,3260.1,0,0,0.006552956
1,0,0,1,22,1,0,1,0,2,2,0,2,0,0,1,2,89.4,2001.5,1,1,0.54303366
1,0,1,0,65,1,2,1,0,2,0,0,2,0,0,1,0,91.85,5940.85,1,0,0.006560671
1,0,1,1,34,0,1,0,2,0,0,0,0,0,1,0,0,30.4,938.65,0,0,0.02537446
0,0,1,0,72,1,0,2,1,1,1,1,1,1,2,0,0,20.05,1423.65,0,0,0.00011174735
1,0,0,0,5,1,0,0,0,2,0,0,0,0,0,1,2,51.35,262.3,0,1,0.7230654
1,1,1,0,46,1,2,1,0,0,2,0,2,2,0,1,2,98.85,4564.9,0,1,0.7772412
0,0,0,0,2,1,0,1,0,0,0,0,0,0,0,1,2,70.15,123.8,0,0,0.49294564
1,0,1,1,37,1,0,0,2,0,2,2,0,0,1,1,3,58.75,2203.1,0,0,0.022224367
0,0,0,0,33,1,2,2,1,1,1,1,1,1,2,0,1,25.7,826.1,0,0,0.0013113873
0,0,0,1,16,1,0,2,1,1,1,1,1,1,1,1,0,19.3,360.35,0,0,0.038717184
1,0,0,0,6,1,2,1,0,0,0,0,0,0,0,1,2,74.9,469.8,1,1,0.7296703
0,0,1,1,13,1,0,0,0,0,0,0,0,2,0,0,2,55.95,734.35,1,0,0.13212267
1,0,1,0,47,1,2,1,0,0,0,0,2,2,1,1,1,95.2,4563.0,0,0,0.3386567
0,0,0,0,1,1,0,1,0,0,0,0,0,0,0,1,2,69.5,69.5,1,1,0.95639354
1,0,1,1,39,1,0,0,2,0,2,2,2,2,1,0,1,80.0,3182.95,1,0,0.17779854
1,1,1,0,63,1,2,1,2,2,2,0,2,2,2,0,1,108.5,6991.9,0,0,0.064739935
0,0,0,0,10,1,0,2,1,1,1,1,1,1,0,0,3,18.85,163.2,0,0,0.39317894
1,0,0,0,10,1,2,2,1,1,1,1,1,1,0,1,2,24.0,226.55,0,0,0.28109986
0,0,0,0,18,1,2,1,0,0,2,2,0,2,0,1,0,95.05,1679.4,0,0,0.21189544
1,0,0,0,1,1,0,0,2,0,0,0,0,0,0,1,1,49.8,49.8,0,0,0.22567187
1,0,1,0,66,0,1,0,2,2,2,2,2,0,2,1,0,56.6,3789.2,0,0,0.0013881148
1,1,0,0,69,1,0,2,1,1,1,1,1,1,2,0,1,20.3,1356.3,0,0,0.00097259495
1,0,0,0,3,1,0,0,0,0,0,2,2,2,0,1,2,69.35,191.35,1,0,0.071138956
0,0,0,0,68,1,0,2,1,1,1,1,1,1,2,0,1,19.6,1441.65,0,0,0.00045645863
1,0,1,1,6,1,0,2,1,1,1,1,1,1,1,0,3,19.45,113.5,0,0,0.025785293
1,0,0,0,72,1,0,2,1,1,1,1,1,1,2,0,0,19.85,1434.1,0,0,9.567695e-05
0,1,1,0,58,1,2,1,0,0,0,2,2,2,0,1,0,100.4,5749.8,0,1,0.5601401
0,0,1,1,45,1,2,1,2,2,0,0,2,2,0,1,2,105.15,4730.9,0,0,0.13520621
1,0,1,1,68,1,2,1,2,2,2,0,2,2,2,1,2,110.2,7467.5,0,0,0.085556425
1,0,1,1,32,1,2,1,2,0,0,0,2,2,0,1,1,99.55,3204.65,1,0,0.23691458
1,0,0,0,1,1,2,1,0,0,0,0,0,0,0,1,2,74.9,74.9,1,1,0.8637469
1,0,0,0,9,1,0,1,0,0,0,0,0,0,0,1,2,70.5,597.9,0,1,0.5185121
0,0,1,1,19,0,1,0,0,0,0,0,0,0,0,1,3,24.85,434.8,0,0,0.03491039
1,0,1,1,60,1,0,0,2,2,2,2,0,0,1,1,0,65.85,3928.3,0,0,0.0013991692
0,0,0,0,29,1,0,1,0,0,0,0,2,0,0,1,2,78.9,2384.15,1,1,0.5860929
1,0,1,1,72,1,2,1,2,2,2,2,2,2,2,1,1,114.05,8468.2,0,0,0.012108294
1,1,1,0,43,1,2,1,0,2,0,2,2,0,0,1,2,94.3,3953.15,0,0,0.17705229
1,0,1,1,1,1,0,1,0,0,0,0,0,0,0,1,3,69.9,69.9,1,1,0.8283089
0,0,1,1,15,1,0,0,0,2,2,2,2,2,0,0,0,76.5,1155.6,0,0,0.14562939
1,0,0,0,3,1,0,1,0,0,0,0,2,2,0,0,3,90.7,237.65,0,0,0.4323507
1,0,1,1,49,1,2,1,0,0,2,0,2,2,0,1,2,99.8,4872.45,1,1,0.71018416
1,0,0,0,12,1,2,1,0,0,2,0,2,0,0,1,2,89.55,1021.75,0,1,0.51211953
1,0,0,0,1,1,0,1,0,0,0,0,0,2,0,1,3,80.85,80.85,1,1,0.8570056
1,0,0,0,21,1,0,2,1,1,1,1,1,1,0,0,1,20.5,402.85,0,0,0.03389157
0,0,1,0,18,1,0,1,2,0,0,0,0,0,0,0,2,74.8,1438.05,0,1,0.5074859
0,1,1,1,72,1,2,0,2,2,2,2,2,2,2,0,1,92.45,6440.25,1,0,0.0009041853
1,0,0,0,72,1,0,2,1,1,1,1,1,1,2,0,0,19.3,1414.8,0,0,0.00015165716
0,0,0,0,46,1,0,1,0,0,2,0,0,0,0,1,1,74.8,3548.3,0,0,0.19468094
0,1,0,0,7,1,0,1,2,0,0,0,0,0,0,0,0,76.45,503.6,1,0,0.40230423
0,0,1,1,72,1,2,0,2,0,2,2,2,2,2,0,1,84.7,5893.9,0,0,0.00026583968
1,0,0,0,39,1,0,2,1,1,1,1,1,1,1,0,3,19.9,791.15,0,0,0.002344583
0,1,1,0,72,1,2,0,2,2,2,2,0,2,2,0,0,78.45,5682.25,0,0,0.0002274236
1,0,0,0,1,1,2,0,0,0,0,0,0,0,0,0,3,50.75,50.75,0,1,0.78535813
1,0,0,1,72,1,0,2,1,1,1,1,1,1,2,0,1,19.9,1529.65,0,0,4.6148823e-05
1,0,1,0,6,1,2,1,0,0,0,0,2,0,0,1,2,82.85,460.25,1,1,0.7188704
0,0,0,1,44,1,0,2,1,1,1,1,1,1,2,0,3,19.9,868.1,0,0,0.0013037601
0,0,0,0,1,1,0,2,1,1,1,1,1,1,0,0,3,20.95,20.95,1,1,0.5307214
0,0,1,0,18,1,0,2,1,1,1,1,1,1,2,0,3,20.1,370.5,0,0,0.000591758
1,0,1,1,41,1,2,0,0,2,2,0,2,0,1,0,0,68.5,2839.95,0,0,0.032231674
0,0,1,1,48,1,0,2,1,1,1,1,1,1,2,0,0,20.2,1027.25,0,0,0.0030653265
0,0,1,1,72,1,2,1,2,2,2,2,2,2,2,0,1,117.5,8670.1,0,0,0.008084353
0,0,1,1,62,1,2,0,0,0,0,0,2,2,0,1,1,70.45,4300.45,0,0,0.056504615
0,0,1,1,1,1,0,2,1,1,1,1,1,1,0,0,2,19.45,19.45,0,0,0.20187758
0,0,0,0,11,1,2,1,2,0,0,0,0,0,0,1,0,79.0,929.3,0,1,0.5502598
1,0,0,0,12,1,0,1,2,0,2,0,0,0,0,0,0,81.7,858.6,1,0,0.4435385
0,0,0,0,35,1,2,1,0,0,0,0,2,0,0,1,2,86.45,3029.1,1,1,0.82514346
1,0,0,0,17,1,0,1,0,0,0,0,0,0,0,1,2,70.8,1207.0,0,1,0.62803274
1,0,1,1,34,1,0,1,0,0,0,0,0,2,1,1,0,78.95,2647.2,0,0,0.14496513
0,0,1,1,59,1,2,0,2,2,2,2,2,2,2,0,1,90.3,5194.05,0,0,0.002023135
0,0,1,1,41,1,0,0,0,2,0,2,0,2,1,1,0,66.5,2728.6,1,0,0.026153918
1,0,1,1,35,1,2,2,1,1,1,1,1,1,2,0,0,25.45,809.25,0,0,0.002619447
0,0,1,1,72,1,2,0,2,2,2,2,2,0,2,0,0,80.2,5714.2,0,0,0.00071230956
1,1,0,0,24,1,2,0,0,2,0,0,0,0,0,0,1,54.8,1291.3,0,0,0.057019316
0,0,1,0,43,1,2,0,0,0,0,2,2,0,1,1,0,64.85,2908.2,0,0,0.0428411
0,0,0,0,10,1,2,1,0,2,2,0,0,2,0,1,2,94.85,953.45,1,1,0.81195927
1,0,1,1,28,0,1,0,0,2,2,2,2,2,1,1,1,60.0,1682.05,0,0,0.046033558
0,1,0,0,43,1,2,1,0,2,0,0,2,0,0,1,2,90.25,3838.75,0,0,0.3898604
0,0,0,0,72,1,0,2,1,1,1,1,1,1,2,0,1,20.25,1566.9,0,0,0.00017744135
1,0,1,1,24,1,0,0,2,0,2,0,0,0,1,1,1,56.25,1454.25,0,0,0.061951246
1,0,1,0,9,1,0,0,0,0,2,0,2,2,0,1,3,70.05,564.4,0,1,0.5024691
0,0,1,1,6,1,2,0,0,0,0,0,0,0,0,1,1,48.95,273.25,0,1,0.618094
1,0,0,0,46,0,1,0,2,0,0,0,0,0,1,1,0,30.75,1489.3,0,0,0.05349877
1,0,0,0,57,1,0,2,1,1,1,1,1,1,2,0,0,20.65,1125.6,0,0,0.06763301
0,1,1,0,68,1,2,1,0,2,0,0,2,2,0,1,2,100.2,6851.65,1,0,0.2374475
0,1,1,1,24,1,0,1,0,0,2,0,2,2,2,1,2,96.55,2263.45,0,0,0.24641326
1,0,1,1,26,1,2,1,0,0,0,0,2,0,0,1,2,83.75,2070.6,1,0,0.3091556
1,0,0,0,1,1,0,0,0,0,0,0,0,2,0,0,3,55.55,55.55,0,1,0.67005026
1,0,1,1,72,1,2,1,2,0,2,0,2,2,2,1,0,105.55,7542.25,0,0,0.022946464
0,1,1,0,33,1,2,1,0,2,0,0,0,0,0,1,0,80.6,2656.5,1,0,0.4138289
1,0,0,0,39,1,0,0,0,0,0,2,0,0,2,1,0,49.8,1971.15,0,0,0.017713029
1,0,0,0,9,1,2,1,0,0,0,0,0,0,0,1,2,75.85,724.65,0,0,0.46328905
0,0,1,1,41,0,1,0,2,0,2,0,0,0,1,0,1,35.4,1412.4,0,0,0.009022773
1,0,0,0,71,1,2,1,2,0,0,2,0,2,1,0,1,97.65,6687.85,0,0,0.012459929
0,0,1,1,22,1,0,2,1,1,1,1,1,1,1,0,0,20.75,452.35,0,0,0.004205815
1,0,1,1,72,1,2,0,2,2,2,2,2,0,2,0,0,82.3,5815.15,0,0,0.0007507495
0,1,0,0,13,1,0,1,0,0,2,0,2,2,0,1,2,96.85,1235.55,0,1,0.9370867
0,0,0,0,68,1,2,2,1,1,1,1,1,1,2,0,0,25.5,1821.8,0,0,0.0014048142
1,0,0,0,1,1,0,0,0,0,0,0,0,0,0,0,3,44.6,44.6,0,0,0.43061104
0,0,1,0,70,1,0,2,1,1,1,1,1,1,2,0,0,19.8,1397.65,0,0,0.0010745453
0,0,1,0,68,1,2,0,2,0,0,2,0,0,1,0,0,58.25,3975.7,0,0,0.0026619036
1,0,1,1,37,0,1,0,2,2,2,0,0,0,0,0,0,40.2,1448.8,1,0,0.027519383
0,0,1,1,41,1,0,2,1,1,1,1,1,1,2,0,0,19.7,804.25,0,0,0.0012075164
1,1,0,0,4,1,0,1,2,0,0,0,0,0,0,0,2,75.35,273.4,0,0,0.46565232
1,0,0,0,4,1,0,1,0,0,0,0,2,2,0,1,2,88.45,370.65,1,1,0.61036235
1,0,0,0,72,1,2,1,0,2,2,0,2,2,2,1,2,103.65,7634.8,0,1,0.60063004
1,0,0,1,23,1,0,2,1,1,1,1,1,1,1,0,3,19.8,465.45,0,0,0.005308661
0,0,0,0,15,1,2,2,1,1,1,1,1,1,2,0,0,25.05,369.1,0,0,0.0014930392
1,0,0,0,13,0,1,0,2,0,0,2,2,0,0,1,1,45.55,597.0,1,0,0.08256975
0,0,0,0,5,1,0,2,1,1,1,1,1,1,0,1,3,20.5,104.3,0,0,0.07824086
0,0,1,0,46,1,0,0,2,2,0,2,0,2,1,0,3,70.6,3231.05,0,0,0.07160334
0,0,0,0,12,0,1,0,2,0,0,2,0,0,1,1,3,33.6,435.45,0,0,0.03868644
1,0,0,0,44,1,0,2,1,1,1,1,1,1,1,0,1,19.5,835.5,0,0,0.0026128339
0,0,0,0,68,0,1,0,0,2,0,2,0,2,0,0,2,44.95,3085.35,0,0,0.06407805
0,0,0,0,1,1,0,2,1,1,1,1,1,1,0,1,3,19.9,19.9,1,0,0.45235798
1,0,1,0,30,1,0,2,1,1,1,1,1,1,1,0,1,19.8,576.65,0,0,0.008716689
1,0,1,1,41,1,2,1,0,0,2,2,2,2,1,1,2,102.6,4213.35,1,0,0.08837567
1,0,1,0,14,1,2,1,0,0,0,0,0,2,0,1,2,85.15,1139.2,1,1,0.8968233
0,0,1,0,59,1,2,1,2,2,0,0,2,0,0,1,2,94.75,5597.65,0,0,0.2667352
0,0,0,0,56,1,0,2,1,1,1,1,1,1,2,1,0,19.55,1080.55,0,0,0.03889925
0,1,0,0,11,1,2,1,0,0,0,0,0,2,0,1,1,84.8,906.85,1,1,0.8206488
1,0,0,0,54,1,2,1,2,2,0,2,2,2,2,1,1,108.0,5760.65,0,1,0.7714224
0,0,0,0,36,1,2,0,0,0,2,0,0,0,1,0,2,55.8,1941.5,0,0,0.053917628
1,0,0,0,16,1,0,2,1,1,1,1,1,1,2,0,3,19.75,284.35,0,0,0.0015216426
0,0,1,1,30,1,0,0,0,2,2,2,2,2,2,0,0,80.8,2369.3,0,0,0.0025283536
1,0,0,0,46,1,2,1,0,0,0,0,0,0,0,0,0,72.8,3249.4,0,0,0.26415098
1,0,1,1,25,1,0,0,2,0,0,2,0,0,0,0,2,54.3,1296.8,0,0,0.109324805
0,1,0,0,8,1,2,1,0,0,0,0,0,0,0,1,2,75.75,606.25,1,0,0.38852692
0,0,1,1,57,1,2,0,2,2,0,2,0,0,0,0,0,65.2,3687.85,0,0,0.008308405
0,1,1,0,72,1,2,1,2,2,2,2,2,2,2,1,1,116.75,8277.05,0,0,0.0023374911
0,1,0,0,35,1,0,1,0,0,0,0,0,0,0,0,2,70.55,2419.0,0,0,0.41874793
0,0,0,0,1,1,0,0,0,0,0,0,0,0,0,1,3,45.4,45.4,1,1,0.5426644
1,0,1,0,6,1,2,1,0,0,0,0,0,0,0,1,2,75.5,438.0,1,1,0.76791453
0,0,1,1,45,1,2,2,1,1,1,1,1,1,1,1,1,25.9,1216.6,0,0,0.0129717365
1,1,0,0,1,1,0,0,0,0,0,0,0,0,0,0,2,45.2,45.2,0,1,0.7200188
0,0,0,0,72,1,2,1,2,0,0,2,0,0,2,1,0,84.7,6185.15,0,0,0.0019846153
0,0,1,1,72,0,1,0,2,2,2,2,0,2,2,0,1,55.65,3880.05,0,0,0.0014628466
1,0,0,0,9,0,1,0,0,0,0,0,2,2,0,1,2,45.4,418.8,1,1,0.7196335
0,1,0,0,49,1,0,1,0,2,2,0,0,2,1,1,0,89.85,4287.2,0,0,0.049271084
0,0,0,0,23,1,0,1,0,2,2,2,0,0,0,0,0,83.2,2032.3,0,0,0.29204386
1,0,1,0,35,1,2,1,0,0,0,2,2,0,0,1,1,91.5,3236.35,0,0,0.21777849
1,0,0,0,5,0,1,0,2,2,2,2,0,0,0,1,3,43.25,219.0,1,0,0.22923632
1,0,1,1,13,1,0,1,2,0,0,0,0,2,0,0,2,84.05,1095.3,1,1,0.5196042
0,0,1,0,45,1,0,0,0,0,2,0,0,0,0,1,1,50.25,2221.55,0,0,0.12780683
1,0,1,0,12,1,0,0,0,0,2,2,2,2,0,1,2,74.15,741.4,0,0,0.19089362
0,0,0,0,72,1,0,2,1,1,1,1,1,1,2,1,0,21.15,1419.4,0,0,0.0001859949
0,0,1,1,1,1,0,2,1,1,1,1,1,1,0,1,3,19.4,19.4,0,0,0.31183687
0,0,0,0,37,1,2,0,2,2,2,2,2,0,0,1,1,78.9,2976.95,0,0,0.11533401
1,0,0,0,45,1,0,2,1,1,1,1,1,1,1,0,0,18.85,867.3,0,0,0.031066982
1,0,1,0,9,1,0,1,0,2,2,2,2,0,0,1,3,94.85,890.6,1,0,0.29175264
1,0,0,0,15,1,0,1,0,0,2,2,2,2,0,1,2,101.35,1553.95,1,0,0.4172481
0,0,0,0,1,1,2,1,0,0,0,0,2,2,0,1,2,94.6,94.6,1,1,0.9734848
0,1,1,1,22,1,2,1,0,0,0,0,2,0,0,0,0,85.35,1961.6,0,1,0.5706916
1,0,0,0,2,1,0,1,0,0,0,0,0,2,0,1,2,80.95,171.15,1,1,0.7690763
1,1,0,0,60,1,2,0,2,2,0,0,0,2,1,1,2,71.75,4374.55,0,0,0.10349615
0,0,0,0,26,1,0,1,0,0,0,0,0,0,0,1,1,69.05,1815.65,0,0,0.2758199
0,0,0,1,15,1,0,2,1,1,1,1,1,1,1,0,3,19.65,270.6,0,0,0.00512237
0,0,0,0,35,1,2,1,0,0,0,2,0,0,0,0,1,80.05,2835.9,0,1,0.588005
0,1,0,0,42,1,2,1,0,2,2,0,2,2,0,1,0,104.75,4323.45,1,1,0.6943875
1,0,1,0,43,1,0,0,0,0,0,0,2,0,1,1,3,56.35,2391.15,0,0,0.1298839
0,0,1,0,11,1,2,1,0,2,0,0,2,2,0,1,2,102.0,1145.35,1,1,0.94931483
1,0,0,0,37,1,2,0,2,2,2,2,2,2,1,1,0,90.6,3358.65,0,0,0.020356935
0,0,1,0,65,1,2,1,0,2,2,2,2,2,2,1,0,107.65,7082.85,0,0,0.019294696
1,0,0,0,1,1,0,0,0,0,0,0,0,0,0,0,3,46.3,46.3,1,0,0.32726732
0,0,0,0,16,1,2,0,0,0,2,0,0,2,0,1,1,65.2,1043.35,1,0,0.25920865
0,0,1,1,72,1,0,0,2,2,2,0,0,2,2,0,1,68.75,4888.2,0,0,0.0015979079
0,0,0,0,1,0,1,0,0,0,0,0,0,0,0,1,3,24.9,24.9,0,1,0.5674411
1,0,0,0,4,0,1,0,2,2,0,2,0,0,0,0,3,42.4,146.4,0,0,0.19371973
0,0,1,0,72,1,2,0,2,2,0,2,0,0,2,0,0,64.75,4804.75,0,0,0.0018900126
1,0,0,0,30,1,2,1,2,2,2,0,0,0,1,0,0,90.4,2820.65,0,0,0.016140465
0,0,0,0,5,1,0,1,0,2,0,0,2,0,0,1,3,85.3,420.45,0,1,0.9208648
1,0,0,1,53,1,0,1,2,2,2,0,0,2,1,0,2,95.95,5036.9,0,0,0.03225481
0,1,0,0,1,0,1,0,0,0,0,0,0,0,0,0,2,25.25,25.25,1,1,0.8223465
0,0,0,0,3,1,0,0,2,2,0,0,0,0,0,0,2,55.35,165.2,1,0,0.27716738
1,0,0,0,3,1,0,1,0,0,2,2,2,0,0,1,3,89.85,244.45,0,1,0.72196645
1,1,0,0,67,1,2,1,0,0,2,0,2,2,0,1,1,101.4,6841.05,0,0,0.48553276
1,0,1,1,23,1,0,0,2,0,0,2,0,0,1,0,1,57.2,1423.35,0,0,0.05709555
1,0,1,1,72,1,0,0,0,2,2,0,2,2,2,1,0,75.4,5480.25,0,0,0.02379983
0,0,0,0,26,0,1,0,0,0,2,2,2,0,0,1,1,44.45,1183.8,0,0,0.07472849
0,1,0,0,71,1,2,0,2,2,2,2,2,2,2,0,3,89.85,6293.45,0,0,0.00061395735
0,0,1,0,68,1,2,1,0,0,2,0,2,0,2,1,0,89.95,5974.3,0,0,0.026688954
0,0,0,0,2,1,2,1,0,0,0,0,0,0,0,1,2,75.9,143.35,1,1,0.7421521
0,0,1,1,64,1,2,0,2,2,2,2,2,2,2,1,3,90.6,5817.45,0,0,0.0009182588
1,0,1,0,22,1,0,2,1,1,1,1,1,1,0,1,0,20.45,471.55,0,0,0.022431713
1,1,0,0,27,1,2,1,0,2,0,2,2,2,1,1,0,104.65,2964.0,0,0,0.16024983
1,0,1,1,60,1,2,1,0,2,0,2,2,2,0,1,0,103.75,5969.95,0,0,0.04190271
1,0,0,0,51,1,2,0,2,0,0,2,0,0,1,0,1,59.9,3043.6,0,0,0.049175505
0,0,0,0,8,1,0,1,2,0,0,0,2,0,0,0,2,84.95,668.4,1,1,0.59097576
0,0,0,1,7,1,0,1,0,0,0,0,0,0,0,1,2,71.05,472.65,0,1,0.7116279
0,0,1,1,24,1,0,2,1,1,1,1,1,1,2,1,3,19.7,494.05,0,0,0.002508684
0,0,0,1,24,1,0,2,1,1,1,1,1,1,1,0,0,21.05,531.55,0,0,0.0114342775
1,1,0,0,39,1,2,1,0,0,0,0,2,2,0,1,0,95.65,3759.05,1,0,0.49267495
0,0,0,0,4,0,1,0,2,0,2,0,0,0,0,0,3,35.0,135.75,0,0,0.31662092
0,0,1,0,17,1,0,2,1,1,1,1,1,1,1,0,3,19.35,307.0,0,0,0.012366004
0,0,1,0,15,1,2,2,1,1,1,1,1,1,2,0,3,25.2,387.9,0,0,0.0006336243
0,1,0,0,70,1,2,0,0,2,2,2,2,0,2,1,0,75.5,5212.65,0,0,0.015959466
0,0,0,1,1,1,0,1,0,0,0,0,0,2,0,1,2,79.6,79.6,1,1,0.92400986
0,0,1,1,34,0,1,0,2,0,2,2,2,2,1,0,3,61.25,1993.2,0,0,0.0894822
0,0,1,0,26,1,2,1,0,2,0,0,0,0,0,0,0,79.3,2015.8,0,0,0.38782147
1,0,1,1,55,1,0,2,1,1,1,1,1,1,2,0,3,20.5,1177.95,0,0,0.002752996
0,0,1,0,27,1,2,1,0,0,2,0,0,2,0,0,0,90.15,2423.4,0,0,0.2712964
1,0,1,1,26,1,0,0,0,0,2,0,0,0,1,0,3,50.35,1285.8,0,0,0.01352896
1,0,0,0,39,1,2,1,0,0,0,0,0,0,0,1,1,73.15,2730.85,0,0,0.40221363
1,1,0,0,20,1,0,1,0,0,0,0,0,0,0,0,1,71.3,1389.2,1,0,0.16768211
1,0,1,0,24,1,0,0,2,0,0,2,0,0,0,0,3,53.6,1315.35,0,0,0.027376032
0,0,1,0,68,1,2,1,0,2,2,2,0,0,2,0,1,90.2,6297.65,0,0,0.015848551
1,1,1,0,16,1,0,1,0,2,0,0,0,0,0,1,1,74.3,1178.25,1,0,0.49532458
0,0,0,0,1,1,0,1,0,0,0,0,0,0,0,0,3,71.1,71.1,0,1,0.8668043
1,0,1,0,70,0,1,0,0,2,2,2,0,2,1,1,0,51.05,3635.15,0,0,0.008793773
1,1,0,0,3,1,0,1,0,0,0,0,2,0,0,1,2,79.9,260.9,1,1,0.7663583
0,0,1,0,24,1,0,1,0,2,2,0,2,2,0,1,1,99.3,2431.35,1,1,0.6306817
1,0,1,1,72,1,2,0,2,2,2,2,2,2,2,1,1,91.95,6614.9,0,0,0.00025214898
1,0,0,0,1,1,0,2,1,1,1,1,1,1,0,1,3,19.75,19.75,0,1,0.70602477
0,0,0,0,31,0,1,0,2,2,0,2,0,2,2,1,0,49.85,1520.1,0,0,0.00057938526
0,0,1,0,1,0,1,0,0,0,0,0,0,0,0,1,2,24.8,24.8,1,1,0.77054244
1,0,1,0,50,1,2,1,0,0,0,2,2,2,1,0,2,99.4,5059.75,0,0,0.32426074
0,0,0,0,61,1,2,0,0,2,2,2,2,2,2,0,1,88.65,5321.25,0,0,0.004024888
1,1,1,0,11,1,0,1,0,0,0,0,0,0,0,1,2,70.2,834.7,0,1,0.561053
0,0,0,0,2,1,0,0,0,0,0,0,0,0,0,0,2,45.55,84.4,0,1,0.55698764
0,1,0,0,64,1,2,0,0,2,2,2,0,2,0,0,1,74.65,4869.35,0,0,0.06755428
0,0,0,0,18,0,1,0,2,2,0,2,0,0,1,1,3,40.2,711.95,0,0,0.020794593
0,0,1,0,45,1,2,2,1,1,1,1,1,1,2,0,3,25.5,1121.05,0,0,0.0016907975
1,0,1,1,31,1,2,0,0,0,0,0,0,2,0,0,0,59.7,1825.5,0,0,0.06964553
0,0,1,1,61,1,2,2,1,1,1,1,1,1,2,1,3,24.1,1551.6,0,0,0.0044261
0,1,0,0,31,1,0,1,2,0,0,0,0,0,0,1,1,73.55,2094.65,0,0,0.45002055
0,0,1,0,57,1,0,2,1,1,1,1,1,1,2,0,0,19.9,1115.6,0,0,0.030878171
0,0,1,1,28,1,2,1,0,0,0,2,0,2,1,1,2,90.45,2509.25,0,0,0.08656902
1,0,0,0,37,1,0,0,2,2,2,2,0,0,2,0,0,65.6,2313.8,0,0,0.003360663
0,0,1,0,46,1,2,1,0,2,0,2,2,2,1,1,2,103.15,4594.65,0,0,0.2602553
0,0,0,0,19,1,0,2,1,1,1,1,1,1,0,0,3,19.9,367.55,0,0,0.021120602
0,0,0,0,63,1,0,2,1,1,1,1,1,1,2,1,3,20.6,1298.7,0,0,0.0011521264
1,0,0,1,69,1,2,0,2,2,2,2,2,0,2,1,1,79.45,5502.55,0,0,0.0185394
0,0,1,1,19,1,2,1,0,0,0,2,0,2,1,1,0,89.35,1686.85,0,0,0.115781225
0,0,1,0,31,1,0,1,0,2,0,0,0,2,0,1,0,83.85,2674.15,0,0,0.23263356
0,1,0,0,18,1,0,2,1,1,1,1,1,1,1,0,0,20.35,369.6,0,0,0.024217095
0,0,0,0,44,1,2,0,0,0,0,0,0,0,0,1,3,50.15,2139.1,0,0,0.102197185
1,1,1,0,1,1,0,1,0,0,0,0,0,0,0,1,2,70.3,70.3,1,1,0.66287583
1,0,0,0,1,1,0,1,0,0,0,0,2,2,0,1,2,89.9,89.9,1,1,0.8492796
0,0,0,0,11,0,1,0,0,0,0,0,2,0,0,1,3,35.8,363.15,0,0,0.41150305
0,0,0,0,22,1,0,2,1,1,1,1,1,1,1,0,0,20.85,450.65,0,0,0.003657119
1,0,1,0,23,1,2,1,0,2,2,0,0,0,0,0,2,84.25,1968.1,0,0,0.4955715
0,0,0,0,37,1,0,1,0,2,2,0,0,0,1,0,2,80.05,3019.1,0,0,0.32123297
1,0,1,0,46,0,1,0,2,0,2,2,0,0,2,0,1,40.4,1842.7,0,0,0.023516625
0,0,0,0,20,1,0,2,1,1,1,1,1,1,1,1,1,19.35,433.75,0,0,0.009601133
0,0,0,0,1,1,0,0,0,0,0,2,0,0,0,1,2,50.8,50.8,1,1,0.8235612
0,0,1,1,58,1,2,0,2,0,2,2,2,0,2,0,3,75.8,4415.75,0,0,0.0046610925
0,0,1,1,71,1,2,1,2,2,2,2,0,0,1,1,1,95.15,6770.85,0,0,0.0017707294
0,0,0,0,29,1,2,0,0,0,0,0,2,2,1,1,1,71.0,2080.1,0,0,0.055691443
0,0,1,0,64,1,2,0,2,2,2,2,0,2,2,1,3,81.3,5129.3,0,0,0.0009719641
1,1,0,0,1,1,2,1,0,0,0,0,0,0,0,1,2,73.65,73.65,1,1,0.7085275
1,0,0,0,1,1,0,2,1,1,1,1,1,1,0,0,0,20.05,20.05,1,0,0.07401236
1,0,1,1,70,0,1,0,0,2,2,2,2,2,1,0,2,60.35,4138.7,0,0,0.08975938
1,0,0,0,13,1,0,2,1,1,1,1,1,1,1,1,3,19.95,257.0,0,0,0.0024489358
1,0,0,0,57,0,1,0,0,2,0,0,2,0,0,1,2,39.3,2111.45,1,0,0.36400062
0,1,0,0,57,1,2,1,2,0,2,2,0,2,2,0,1,101.3,5779.6,0,0,0.040046763
0,0,1,1,6,1,0,2,1,1,1,1,1,1,2,0,3,20.1,100.35,0,0,0.0002196809
1,1,1,0,63,0,1,0,2,0,0,2,0,0,1,0,0,36.1,2298.9,0,0,0.003991186
0,0,0,0,8,1,0,2,1,1,1,1,1,1,0,0,3,19.2,156.85,0,0,0.066289954
1,0,1,1,23,1,2,0,0,0,0,0,0,0,1,1,1,48.35,1067.15,1,0,0.048828967
0,0,0,0,40,1,0,0,0,0,2,0,0,0,1,1,3,50.25,2023.55,0,0,0.0491891
0,0,1,1,59,1,2,2,1,1,1,1,1,1,2,0,3,25.45,1534.05,0,0,0.0016345902
0,0,0,0,18,1,0,2,1,1,1,1,1,1,1,0,3,20.1,407.05,0,0,0.0013484097
1,0,0,0,17,1,0,1,0,2,2,0,0,2,0,1,1,90.95,1612.2,0,0,0.3365157
1,1,0,0,46,1,0,1,2,0,0,0,0,2,0,0,2,85.0,3969.4,1,0,0.3784832
0,0,1,1,16,1,0,2,1,1,1,1,1,1,0,0,2,20.4,321.4,0,0,0.05947545
1,0,0,0,22,1,2,1,0,0,0,0,0,2,0,0,2,83.05,1799.3,0,0,0.26000264
0,0,1,0,62,1,0,0,2,0,2,2,2,2,2,0,3,81.0,4985.9,0,0,0.0019979542
1,0,1,0,56,0,1,0,0,0,2,2,2,2,1,1,0,54.05,2959.8,0,0,0.3591586
0,1,1,0,5,1,2,1,0,2,0,0,0,0,0,1,2,81.0,371.65,1,1,0.6347209
0,0,1,0,72,1,2,0,2,2,0,2,2,2,2,1,0,86.4,6058.95,0,0,0.00026199291
0,0,0,0,9,1,0,0,0,0,0,0,0,0,0,0,2,45.15,416.45,1,0,0.32910967
1,0,1,0,66,1,2,1,2,2,2,2,2,2,1,0,0,115.8,7942.15,0,0,0.26625034
1,0,1,0,28,1,2,1,0,2,2,0,2,0,0,0,1,96.6,2684.35,0,0,0.40610865
0,0,1,1,56,1,0,1,0,0,0,0,2,2,1,0,0,88.9,4968.0,0,0,0.07881932
1,0,0,0,1,1,0,0,0,0,0,0,0,0,0,1,3,45.85,45.85,1,1,0.593588
1,1,0,0,24,1,2,1,0,2,2,0,2,2,0,1,1,102.95,2496.7,1,0,0.36766124
0,0,0,0,51,1,0,2,1,1,1,1,1,1,2,0,0,20.65,1020.75,0,0,0.002438385
1,0,1,1,4,1,0,0,0,0,0,2,0,2,0,0,1,61.45,229.55,1,0,0.08588151
1,0,1,1,23,1,2,0,0,2,0,2,0,0,2,0,3,59.7,1414.2,0,0,0.008676605
0,0,1,1,30,1,0,1,0,0,2,0,0,2,1,0,2,86.45,2538.05,0,0,0.20624864
1,0,1,0,61,1,0,2,1,1,1,1,1,1,1,1,1,20.55,1252.0,0,0,0.006798581
0,0,0,0,31,1,0,2,1,1,1,1,1,1,2,0,1,20.9,689.35,0,0,0.0046068076
1,0,0,0,1,1,0,1,0,0,0,0,0,0,0,1,2,69.6,69.6,1,1,0.9563344
0,0,1,1,4,1,0,2,1,1,1,1,1,1,0,0,3,20.35,76.35,1,0,0.13933642
1,0,0,0,14,1,0,1,0,0,2,0,0,0,0,0,2,76.45,1117.55,0,1,0.63917804
0,0,1,0,50,1,2,1,2,0,2,0,2,2,1,1,3,104.4,5232.9,0,0,0.108541295
1,0,0,0,6,1,0,1,0,0,0,0,0,0,0,1,2,69.1,435.0,0,1,0.690092
0,0,0,1,15,1,0,1,0,2,0,0,0,2,0,1,0,85.9,1269.55,1,0,0.21532193
0,0,1,0,54,1,2,0,0,0,0,0,2,2,1,1,1,70.15,3715.65,1,0,0.27892143
1,1,0,0,52,1,2,1,0,2,2,2,2,2,0,1,2,110.75,5832.0,0,1,0.6357193
0,0,0,0,30,1,2,1,0,2,0,0,2,2,0,1,2,100.2,2983.8,1,1,0.5495179
1,0,1,1,3,1,0,0,0,0,2,0,0,0,0,1,2,50.15,168.15,1,1,0.50042033
1,0,1,1,31,1,0,0,0,0,2,2,0,0,0,0,3,54.35,1647.0,0,0,0.06969764
1,1,1,0,58,0,1,0,0,2,2,0,0,2,0,1,2,45.3,2651.2,1,1,0.5984336
0,0,1,1,72,0,1,0,0,2,2,2,2,2,2,1,2,60.0,4264.0,0,0,0.008437444
1,0,0,0,15,1,2,0,0,0,0,0,0,0,0,0,2,51.55,765.5,1,0,0.17878467
0,0,0,0,14,1,0,0,2,0,0,2,0,0,1,0,3,55.7,795.15,0,0,0.008482467
0,1,0,0,1,1,2,1,0,0,0,0,0,0,0,1,3,74.45,74.45,1,1,0.95069903
1,0,1,1,60,1,2,2,1,1,1,1,1,1,1,0,1,23.95,1506.4,0,0,0.013851763
1,0,1,1,21,1,0,2,1,1,1,1,1,1,1,0,3,19.8,350.1,0,0,0.014915994
1,1,1,0,33,1,2,1,0,2,0,0,2,2,0,1,0,100.6,3270.25,0,0,0.3485279
1,0,1,0,65,1,2,1,2,2,2,0,0,0,1,0,2,89.75,5769.6,1,0,0.012650403
1,1,1,0,67,1,0,0,2,2,0,2,0,0,1,1,0,60.95,4119.4,0,0,0.0006807622
0,1,0,0,9,1,2,1,0,0,0,0,0,2,0,1,2,84.45,762.5,1,1,0.8976078
1,1,1,1,28,1,2,0,0,0,0,0,0,0,1,1,2,51.0,1381.8,0,0,0.019984914
0,0,1,1,32,1,2,1,0,2,0,0,2,2,0,1,2,98.85,3089.6,0,1,0.73643297
1,0,1,1,68,1,0,1,2,2,2,0,2,2,2,1,1,103.25,7074.4,0,0,0.051782228
0,0,1,0,26,1,2,0,2,2,2,2,2,2,1,1,1,90.1,2312.55,0,0,0.062303938
0,0,1,1,3,1,0,0,0,0,0,0,0,0,0,0,3,44.3,134.5,1,0,0.23741016
1,0,1,1,69,1,2,2,1,1,1,1,1,1,2,1,0,26.0,1796.55,0,0,0.00079530623
1,0,1,0,36,1,2,1,0,0,0,0,2,2,0,1,0,95.0,3440.25,0,0,0.17757514
1,0,0,0,52,1,0,0,2,2,0,0,2,0,2,1,1,63.25,3342.45,0,0,0.0023272156
0,1,1,0,34,1,0,0,0,0,2,2,2,0,1,0,0,64.2,2106.3,0,0,0.06686922
0,0,1,0,50,1,2,1,2,2,0,2,2,2,1,0,2,108.55,5610.7,1,0,0.1786343
1,1,1,0,30,1,2,0,0,0,2,0,2,2,2,0,2,74.85,2181.75,0,0,0.0037690483
0,0,1,1,69,1,2,2,1,1,1,1,1,1,2,1,0,25.6,1673.4,0,0,0.0014979615
0,0,1,0,4,1,2,1,0,2,0,0,2,0,0,1,2,91.65,365.4,1,1,0.7399185
0,0,1,1,67,1,0,1,2,2,2,0,0,0,1,0,0,84.8,5598.3,0,0,0.005543021
0,0,0,0,14,1,0,1,0,0,0,0,0,0,0,1,1,71.0,914.0,1,0,0.38198376
0,0,1,0,53,1,0,2,1,1,1,1,1,1,1,0,0,20.8,1021.8,1,0,0.006367941
1,1,1,0,72,1,2,1,0,2,2,2,2,2,2,1,0,109.75,7932.5,0,0,0.020720912
1,0,0,0,46,1,0,2,1,1,1,1,1,1,2,0,2,19.95,907.05,0,0,0.015273172
0,0,1,1,71,1,0,2,1,1,1,1,1,1,2,0,0,19.85,1326.35,0,0,0.00036165488
1,0,0,0,22,1,2,1,0,2,0,0,0,0,0,1,3,78.85,1600.25,0,0,0.43264824
0,0,1,0,17,1,2,1,2,0,0,0,0,0,0,0,2,78.9,1348.95,0,0,0.15541574
1,1,0,0,32,1,2,1,0,0,0,0,2,2,0,1,1,96.15,3019.25,1,1,0.5112691
0,0,0,0,9,1,0,1,0,0,0,0,0,0,0,0,2,69.05,651.5,0,0,0.22688302
0,0,0,0,23,1,2,2,1,1,1,1,1,1,1,0,1,24.8,615.35,0,0,0.0045825546
1,0,1,0,47,1,0,0,0,2,2,0,2,2,2,0,2,73.6,3522.65,0,0,0.01508235
0,0,1,1,60,1,0,0,0,2,2,2,2,2,2,1,0,80.6,4946.7,0,0,0.0004190099
1,0,1,1,50,0,1,0,2,0,0,0,2,0,0,1,1,39.45,2021.35,0,0,0.060104333
0,1,1,0,66,1,2,1,0,0,2,2,2,2,1,1,1,105.95,6975.25,1,0,0.16380888
1,1,1,0,54,1,2,1,0,2,2,2,2,2,2,1,2,110.45,6077.75,0,1,0.6827116
1,0,1,1,72,1,2,2,1,1,1,1,1,1,2,0,1,24.1,1734.65,0,0,0.00031682875
0,0,0,1,1,1,0,1,0,0,0,0,2,0,0,1,2,79.35,79.35,1,1,0.9339819
0,0,0,0,1,1,0,0,0,0,0,0,0,0,0,0,0,44.15,44.15,0,0,0.45256895
0,0,1,1,16,1,0,0,2,2,0,2,0,2,2,0,0,68.25,1114.85,0,0,0.0020627142
0,0,0,0,34,1,2,0,0,0,0,2,2,0,0,0,3,65.0,2157.5,0,0,0.15003037
0,0,0,0,3,1,0,1,0,2,0,0,2,0,0,0,2,83.75,247.25,1,0,0.2973019
0,0,0,0,12,1,2,1,2,0,0,0,0,0,0,1,2,78.95,927.35,1,0,0.36230722
0,1,1,0,5,1,2,1,0,0,0,0,0,0,0,1,2,74.35,334.8,1,1,0.716924
1,0,0,0,1,1,0,0,0,2,0,0,0,0,0,0,3,50.65,50.65,1,1,0.6673443
1,1,1,0,59,0,1,0,0,2,0,0,2,2,0,1,2,50.25,2997.45,0,1,0.6790428
1,0,0,0,26,1,2,1,0,0,0,2,0,0,0,1,2,80.5,2088.8,1,0,0.21294549
0,0,1,0,1,1,0,2,1,1,1,1,1,1,0,1,0,20.3,20.3,0,1,0.58722
1,0,1,1,71,1,0,1,2,2,2,0,2,2,1,1,0,104.65,7288.4,0,0,0.016162356
1,0,1,1,63,1,0,2,1,1,1,1,1,1,2,1,3,19.15,1177.05,0,0,0.0007963793
0,0,1,1,18,1,0,2,1,1,1,1,1,1,0,0,3,20.45,357.0,0,0,0.009244557
0,0,0,1,14,1,2,1,2,0,0,2,0,0,0,1,3,86.0,1164.05,0,1,0.53546727
0,0,1,1,64,1,2,1,0,2,2,0,0,2,1,1,2,92.85,5980.75,0,0,0.04784107
0,0,1,0,56,1,2,1,2,0,0,0,2,2,1,1,2,98.0,5270.6,0,0,0.14500178
1,0,0,1,26,0,1,0,0,2,0,0,2,0,1,1,0,39.95,1023.75,0,0,0.06744963
1,0,0,0,54,1,0,0,2,2,0,0,2,0,2,1,0,65.3,3512.9,0,0,0.023462964
1,0,1,0,3,1,0,0,0,0,2,2,0,0,0,1,3,55.8,154.55,0,0,0.25343087
0,0,0,0,2,0,1,0,0,0,0,0,0,2,0,1,2,34.7,62.25,1,1,0.9342332
0,0,1,0,40,1,2,1,0,0,0,2,0,0,0,1,1,78.85,3126.85,0,0,0.35169405
0,0,1,1,28,1,0,1,0,0,0,0,2,2,1,1,0,90.1,2598.95,1,0,0.22101657
1,0,1,0,22,1,0,1,2,2,0,2,2,2,0,1,2,104.6,2180.55,0,1,0.5134277
1,0,0,0,69,1,2,2,1,1,1,1,1,1,2,0,0,23.95,1713.1,0,0,0.0021708142
0,0,1,1,27,1,0,0,0,2,0,0,0,0,0,0,3,49.85,1336.15,0,0,0.02117298
0,0,1,0,71,0,1,0,2,2,2,2,2,2,1,0,0,66.8,4689.15,0,0,0.014984032
0,0,1,1,62,1,0,0,2,0,2,2,2,0,1,1,0,70.75,4263.45,0,0,0.0016279496
1,0,0,1,1,1,0,2,1,1,1,1,1,1,0,1,3,19.3,19.3,0,1,0.851828
1,0,1,1,37,1,0,2,1,1,1,1,1,1,2,0,0,19.8,726.1,0,0,0.0033532253
0,0,1,0,49,0,1,0,0,2,0,2,2,2,1,1,1,56.3,2780.6,0,0,0.22620703
1,1,1,0,41,0,1,0,0,2,2,0,2,2,0,1,2,53.95,2215.4,0,1,0.8445699
0,0,0,0,63,1,2,1,2,2,2,0,2,2,0,0,1,108.25,6780.1,0,0,0.072905995
0,0,1,1,17,1,2,1,0,0,2,0,2,0,0,0,2,88.25,1460.65,1,1,0.7797008
1,0,0,1,1,1,0,2,1,1,1,1,1,1,0,1,3,19.45,19.45,1,0,0.44596896
1,1,0,0,55,1,2,1,2,0,0,0,2,2,0,1,2,98.8,5617.75,1,0,0.1497907
0,0,1,0,22,1,0,1,0,0,0,0,0,0,0,1,2,69.25,1554.0,1,0,0.44390202
0,0,0,0,15,0,1,0,2,2,2,2,0,0,1,0,3,45.9,693.45,0,0,0.02163881
0,0,0,0,35,1,0,2,1,1,1,1,1,1,0,0,0,19.25,617.65,0,0,0.012215748
1,0,0,0,1,1,0,2,1,1,1,1,1,1,0,1,3,20.2,20.2,1,1,0.7500469
1,0,0,0,69,0,1,0,0,2,2,0,0,0,1,1,0,35.75,2492.25,0,0,0.011657713
0,0,1,0,63,1,2,1,0,2,0,0,0,0,0,1,0,81.55,5029.05,0,0,0.015619077
0,0,1,0,58,1,2,1,0,2,2,0,0,2,1,1,2,94.3,5610.15,0,0,0.26270857
1,0,0,0,66,1,2,2,1,1,1,1,1,1,1,0,0,25.45,1699.15,0,0,0.004469742
0,0,1,1,43,1,2,1,0,0,2,0,2,2,0,1,0,99.3,4209.95,0,0,0.35682127
0,0,1,1,26,0,1,0,2,2,0,2,0,0,0,0,1,38.85,1025.15,0,0,0.046720944
1,0,1,1,56,1,2,1,0,0,2,2,2,2,2,1,2,103.2,5873.75,0,0,0.098537624
1,1,0,0,68,1,2,1,0,2,2,0,0,2,0,1,2,95.9,6503.2,0,0,0.30365658
0,0,1,1,18,1,0,0,0,0,0,0,2,0,0,0,3,55.95,1082.8,0,0,0.27096754
0,0,1,0,34,1,2,0,2,2,0,2,0,0,0,0,2,62.65,2274.9,1,0,0.18824236
1,1,1,0,38,0,1,0,0,0,0,0,0,0,0,1,2,24.85,955.75,0,1,0.5072467
1,0,1,1,2,1,0,0,2,2,0,2,0,0,2,0,3,59.5,130.5,0,0,0.0036137565
1,0,1,1,20,0,1,0,2,0,2,2,0,0,2,1,1,39.4,825.4,0,0,0.004659896
1,0,1,0,64,1,2,0,0,2,0,2,0,2,1,1,3,70.15,4480.7,0,0,0.07740422
1,1,0,1,56,1,0,1,2,0,0,0,2,2,1,0,1,94.8,5264.3,0,0,0.07464185
0,0,0,0,68,1,0,2,1,1,1,1,1,1,2,0,1,20.5,1424.9,0,0,0.00024285677
1,0,1,0,17,1,2,1,0,2,2,0,2,2,0,1,2,102.55,1742.5,0,1,0.5172497
1,0,1,1,46,1,0,2,1,1,1,1,1,1,2,0,1,19.95,862.4,0,0,0.0015129938
0,1,0,0,28,1,2,1,0,2,2,0,2,2,0,1,2,106.15,3152.5,1,1,0.7559181
1,0,1,1,2,1,2,0,2,0,0,0,0,0,0,0,3,56.7,113.55,1,0,0.25988755
1,0,0,0,65,1,2,1,0,2,2,2,2,2,0,1,2,109.15,6941.2,1,0,0.135422
1,0,1,1,17,1,0,1,2,0,2,0,2,0,0,1,2,89.4,1539.45,1,1,0.7134219
1,1,0,0,51,1,0,1,0,0,2,0,2,2,1,1,0,94.0,4905.75,0,0,0.19805004
1,0,0,0,60,1,2,1,0,2,0,0,2,0,0,1,0,89.9,5450.7,0,0,0.043961477
1,0,1,0,16,1,2,1,0,0,0,0,0,0,0,1,0,73.85,1284.2,1,0,0.14973594
1,1,1,0,24,1,2,1,2,0,0,0,0,0,0,1,2,78.85,1772.25,1,1,0.5853492
1,0,0,0,1,1,0,0,0,0,0,0,0,2,0,1,3,55.7,55.7,1,1,0.62752014
0,0,0,0,71,1,0,0,2,2,2,2,2,0,2,0,1,77.35,5550.1,0,0,0.0008991101
0,0,1,1,53,1,2,1,2,2,2,2,0,2,2,1,0,104.05,5566.4,0,0,0.04209733
0,0,0,0,18,1,2,0,2,0,2,0,0,0,0,1,3,60.6,1156.35,0,0,0.18348326
0,0,0,1,67,1,2,1,0,2,0,2,2,2,1,1,0,106.6,7244.7,0,0,0.007376103
0,1,0,0,4,1,2,1,0,0,0,0,2,2,0,1,2,94.3,424.45,1,1,0.9844757
1,0,0,0,10,0,1,0,0,0,2,0,0,0,0,0,3,29.5,255.25,1,0,0.3721335
1,0,1,1,43,1,2,2,1,1,1,1,1,1,2,0,3,24.25,1077.95,0,0,0.0038245036
0,0,1,0,43,1,2,1,0,2,0,0,0,0,0,0,2,80.45,3398.9,0,1,0.53607535
0,0,0,0,60,0,1,0,2,0,2,0,2,2,2,0,2,53.6,3237.05,0,0,0.06611355
1,0,0,0,1,1,0,1,0,0,0,2,0,0,0,1,2,75.9,75.9,1,1,0.8630116
1,0,0,0,7,1,2,1,0,0,2,0,2,0,0,1,2,90.45,593.45,1,1,0.6996229
0,0,0,0,21,1,0,1,0,2,2,0,0,2,0,1,2,90.05,1862.9,0,0,0.38784555
1,1,0,1,1,1,0,0,0,0,2,0,0,0,0,1,3,50.15,50.15,1,1,0.5179757
1,0,0,0,5,1,0,1,0,2,0,0,0,0,0,1,2,74.65,383.65,0,0,0.43245
0,0,1,1,36,1,2,0,2,2,2,2,2,2,2,1,1,92.9,3379.25,0,0,0.0009663409
1,1,1,0,53,1,2,0,2,0,0,2,0,0,1,1,2,60.05,3229.65,1,0,0.023144461
0,1,1,0,1,1,2,1,0,0,0,0,0,0,0,1,2,74.45,74.45,1,1,0.8951752
0,0,0,0,53,1,0,1,0,2,2,2,0,2,1,1,1,94.45,5042.75,0,0,0.07706496
0,0,1,0,50,1,2,0,0,0,2,0,2,2,1,0,0,75.7,3876.2,0,0,0.05257542
1,0,1,0,66,1,2,1,0,2,0,2,2,2,1,1,2,104.05,6890.0,1,0,0.2916363
0,0,1,1,54,1,2,0,0,2,2,0,0,0,2,1,0,59.8,3246.45,0,0,0.005492475
0,0,1,1,28,1,0,2,1,1,1,1,1,1,0,1,0,19.55,543.8,0,0,0.038679358
0,0,0,0,4,1,0,0,0,0,0,0,0,0,0,1,3,45.3,196.95,1,0,0.33015624
0,0,0,0,41,1,2,1,2,2,2,2,2,2,0,1,0,114.5,4527.45,1,0,0.26326692
0,0,1,1,30,1,0,0,2,0,0,2,0,2,0,0,0,66.3,1923.5,0,0,0.13878384
0,1,0,0,1,0,1,0,0,0,0,0,0,0,0,1,2,25.2,25.2,1,1,0.919496
1,0,1,0,54,1,2,1,2,2,2,0,2,2,0,0,2,109.55,6118.95,0,1,0.6857447
1,0,1,1,8,1,0,2,1,1,1,1,1,1,2,0,1,19.6,125.0,0,0,0.0010991006
1,1,1,0,55,1,2,1,0,2,2,2,2,2,2,1,2,113.6,6292.7,0,1,0.6247376
0,0,0,1,63,1,0,2,1,1,1,1,1,1,2,0,1,19.5,1215.1,0,0,0.00032565775
1,0,0,0,68,1,0,1,0,2,2,0,0,0,1,0,1,79.6,5461.45,0,0,0.12699492
0,0,1,1,2,1,0,1,0,0,0,0,0,0,0,1,2,71.65,135.75,0,1,0.6387928
1,0,0,0,6,1,0,2,1,1,1,1,1,1,1,0,3,20.6,116.6,0,0,0.007470671
0,0,0,0,13,1,2,1,0,0,0,0,0,0,0,1,3,75.0,999.45,1,0,0.31273997
1,0,0,0,72,1,0,0,2,2,2,2,2,0,2,1,0,75.1,5336.35,0,0,0.00056563114
1,0,1,0,17,1,0,1,0,0,2,0,2,2,1,1,0,96.65,1588.25,0,0,0.19550139
1,1,0,0,15,1,0,1,0,2,0,0,0,0,0,1,2,74.4,1074.3,1,1,0.7439656
0,1,0,0,65,1,2,1,0,2,2,0,2,0,0,1,0,95.45,6223.3,0,0,0.05656498
1,0,0,0,58,1,0,2,1,1,1,1,1,1,2,0,1,20.3,1131.5,0,0,0.04645729
1,1,1,1,68,1,2,1,0,2,2,0,0,0,0,1,2,84.65,5683.6,0,1,0.73419905
0,0,1,1,66,1,0,0,2,2,0,2,0,0,2,1,1,58.2,3810.8,0,0,0.0026038478
0,1,1,0,70,1,2,1,2,0,0,0,0,2,0,1,2,90.85,6470.1,0,0,0.03466779
0,0,0,0,19,0,1,0,0,2,0,0,0,2,0,1,2,39.7,710.05,0,1,0.54274535
1,0,1,0,17,0,1,0,0,0,2,2,2,2,1,0,2,54.6,934.8,0,1,0.50420564
1,0,0,0,22,1,2,1,2,0,0,0,2,2,0,1,2,100.75,2095.0,1,1,0.7134579
1,1,0,0,48,1,2,1,0,2,0,0,2,2,1,1,2,99.0,4744.35,0,1,0.5826349
1,0,0,0,63,1,2,1,0,2,0,0,0,2,1,0,1,90.45,5825.5,0,0,0.010709038
1,0,1,0,67,1,2,1,0,2,2,0,0,2,2,1,2,93.15,6368.2,0,0,0.045925513
0,1,1,0,67,1,2,1,2,0,2,0,2,2,1,1,1,107.05,7142.5,0,0,0.027498936
0,0,1,0,67,1,2,2,1,1,1,1,1,1,2,1,1,25.25,1733.15,0,0,0.0033192462
0,0,0,0,4,1,2,1,0,0,0,2,2,2,0,1,3,100.85,399.25,0,1,0.7736865
1,0,1,0,40,1,2,0,0,2,0,2,2,0,1,0,1,70.75,2921.75,0,0,0.014164068
1,0,0,0,5,1,2,1,0,2,2,0,2,2,0,0,3,104.1,541.9,1,0,0.38147813
1,0,0,0,30,1,2,1,0,0,0,2,0,2,0,1,1,89.9,2723.15,0,0,0.37616274
0,0,0,0,70,1,2,1,2,2,2,2,2,2,1,0,1,115.55,8127.6,1,0,0.33982807
0,0,1,1,72,1,2,2,1,1,1,1,1,1,2,0,3,24.9,1859.2,0,0,9.083574e-05
0,0,0,0,1,1,0,0,0,2,0,0,0,0,0,1,2,48.6,48.6,0,0,0.49868977
1,0,0,0,1,1,0,1,0,0,0,0,2,2,0,1,2,88.35,88.35,1,1,0.872337
0,1,0,0,59,1,2,1,0,2,0,0,0,0,2,1,1,79.2,4590.35,0,0,0.033821035
0,0,1,1,68,1,2,1,0,0,0,0,2,0,1,1,2,83.0,5685.8,1,0,0.13660577
0,0,1,0,53,1,0,1,2,2,2,0,2,2,1,1,0,106.1,5769.75,1,0,0.4104661
0,1,0,0,8,1,0,1,0,0,2,0,0,0,0,1,0,74.05,600.15,0,1,0.5130191
0,0,0,0,7,1,0,0,2,2,0,2,2,2,0,1,2,78.5,571.05,0,0,0.04318019
0,0,0,0,2,1,0,2,1,1,1,1,1,1,0,0,3,19.4,61.05,0,0,0.058743168
1,0,1,0,47,1,0,2,1,1,1,1,1,1,1,0,0,19.9,942.95,0,0,0.030605199
0,0,1,0,2,1,0,1,2,2,0,0,2,0,0,0,2,90.35,190.5,0,0,0.120561644
0,0,1,1,51,1,2,1,0,0,0,2,0,0,0,1,2,80.75,4116.9,0,1,0.6670753
1,0,0,0,18,1,0,0,2,0,2,2,2,0,0,1,2,68.35,1299.8,0,0,0.058541905
1,0,0,0,33,1,0,2,1,1,1,1,1,1,2,0,3,20.35,689.75,0,0,0.0012576095
0,0,0,0,60,1,2,2,1,1,1,1,1,1,2,0,3,25.0,1505.05,0,0,0.0023663817
0,0,0,0,72,1,2,1,2,2,2,2,2,2,2,1,2,114.9,8496.7,0,0,0.007485255
0,0,0,0,1,1,0,0,2,0,0,0,0,0,0,1,0,48.45,48.45,0,0,0.48150456
1,0,1,1,48,1,2,2,1,1,1,1,1,1,2,0,0,26.3,1245.05,0,0,0.010241098
1,0,1,1,7,0,1,0,2,0,0,2,0,0,0,1,2,34.5,279.25,1,0,0.124346174
1,0,0,0,53,1,2,2,1,1,1,1,1,1,2,0,3,24.6,1279.0,0,0,0.013146673
1,1,1,0,46,0,1,0,0,2,2,2,2,2,1,1,0,59.9,2816.65,1,0,0.17704156
0,0,0,0,11,1,0,0,2,0,0,2,0,0,1,1,3,54.6,617.85,0,0,0.036875527
1,1,1,0,2,1,0,1,0,0,2,0,2,2,0,1,1,95.5,181.65,0,1,0.9479649
0,0,1,0,58,1,2,1,2,2,2,0,2,2,1,1,1,110.65,6526.65,0,1,0.5429977
0,0,0,0,2,1,0,2,1,1,1,1,1,1,0,0,3,19.95,38.15,0,0,0.05057694
1,0,1,1,70,0,1,0,2,0,2,2,2,2,2,0,0,59.5,4144.8,0,0,0.0040673204
0,0,1,1,7,1,0,0,2,2,2,0,2,0,1,0,2,69.45,477.05,0,0,0.04770819
1,0,1,0,72,1,2,1,2,2,2,2,2,2,2,1,1,114.1,8086.4,0,0,0.0026740383
1,0,1,0,56,1,0,1,0,0,0,0,2,2,0,0,3,89.7,4952.95,0,0,0.05315461
0,0,1,0,72,1,2,1,2,2,2,2,0,0,2,1,0,94.25,6849.75,0,0,0.00075694086
0,0,0,0,42,1,2,0,0,0,2,2,2,2,2,1,1,78.45,3373.4,0,0,0.0015320239
0,1,0,0,43,1,0,1,2,2,0,2,2,2,0,1,1,108.15,4600.7,1,0,0.13186279
1,0,0,0,18,1,0,2,1,1,1,1,1,1,0,0,3,20.05,358.5,0,0,0.0167717
1,0,0,0,30,1,0,1,2,2,2,0,0,0,0,1,1,84.3,2438.6,0,0,0.094910905
1,0,1,1,25,1,2,0,0,0,0,2,0,0,1,1,3,55.1,1466.1,0,0,0.13146488
1,0,0,0,9,1,0,1,0,0,0,2,2,2,0,1,0,95.9,827.45,0,1,0.6573457
1,0,0,1,71,1,2,1,2,0,2,0,2,2,2,0,0,106.7,7382.25,0,0,0.074180365
1,0,1,1,71,1,2,0,2,2,0,2,0,0,1,1,1,66.85,4748.7,0,0,0.0023588312
0,0,1,0,71,1,0,0,2,2,2,2,2,2,1,1,0,84.8,6046.1,0,0,0.0027314618
0,0,1,1,58,1,2,0,0,2,0,0,2,0,0,1,0,66.8,3970.4,0,0,0.040825274
0,0,0,1,61,1,2,2,1,1,1,1,1,1,2,1,1,25.0,1498.35,0,0,0.0018808695
0,0,0,0,22,1,2,1,0,0,0,0,2,0,0,1,0,84.15,1821.95,0,0,0.38328907
1,0,1,1,20,1,0,0,0,0,2,0,0,0,0,1,2,49.6,939.8,0,0,0.16936713
1,0,0,0,26,1,0,2,1,1,1,1,1,1,1,1,1,20.65,595.5,0,0,0.001161552
1,0,1,1,30,1,2,1,0,2,0,2,0,0,0,1,0,83.55,2570.2,0,0,0.12486386
1,0,1,1,2,1,0,1,0,0,0,0,2,2,0,1,0,89.55,185.55,1,1,0.7879147
0,1,1,0,55,1,2,0,0,0,0,0,0,0,0,0,0,51.65,2838.55,0,0,0.056674067
1,0,1,0,69,0,1,0,2,0,2,2,2,2,2,0,0,60.25,4055.5,0,0,0.0029414783
0,1,1,0,1,1,0,1,0,0,0,0,0,0,0,1,2,69.55,69.55,1,1,0.94726396
0,0,1,1,52,1,2,2,1,1,1,1,1,1,2,1,0,25.05,1270.25,0,0,0.0032509752
0,0,0,0,3,1,0,1,0,2,0,2,2,2,0,1,2,97.9,315.3,1,1,0.90409255
1,0,1,1,43,1,0,2,1,1,1,1,1,1,1,1,3,19.2,776.25,0,0,0.0024220978
1,1,1,0,17,1,2,1,0,0,2,0,2,2,0,1,1,100.45,1622.45,1,0,0.47571477
1,0,0,0,26,1,0,0,0,0,0,2,2,0,1,0,1,59.45,1507.0,0,0,0.025652703
0,0,1,0,9,1,0,1,0,0,0,0,2,2,0,0,2,89.45,853.1,1,0,0.42992446
0,0,0,0,45,1,2,1,0,0,2,0,0,2,0,1,1,89.3,4192.15,0,0,0.4269295
0,1,0,0,45,1,2,1,0,0,2,0,2,2,1,1,0,102.15,4735.35,0,0,0.14397164
0,0,0,0,33,1,2,0,2,0,0,2,0,0,1,0,2,59.4,1952.8,0,0,0.054008257
0,0,1,0,53,1,2,1,0,2,2,2,2,2,1,1,0,108.95,5718.2,0,0,0.19103621
0,1,1,1,65,1,2,1,0,0,2,2,2,2,1,1,0,103.9,6767.1,0,0,0.023173792
1,0,0,0,43,1,2,1,0,0,0,2,2,2,1,1,2,100.0,4211.55,1,0,0.106248826
0,0,1,0,10,1,0,0,0,0,2,0,2,2,0,1,1,67.8,653.15,0,0,0.14182195
1,0,1,1,52,1,0,2,1,1,1,1,1,1,1,1,1,20.85,1071.6,0,0,0.004292816
1,0,0,0,11,1,2,0,0,0,2,0,0,0,0,0,2,53.75,608.0,1,0,0.14079726
0,1,0,0,27,1,2,1,0,0,0,0,0,2,0,1,2,85.25,2287.25,1,1,0.7218027
1,0,0,0,24,1,0,1,0,0,0,0,2,2,0,1,2,90.35,2238.5,1,0,0.4283608
1,0,0,0,1,1,0,1,0,0,0,0,0,2,0,1,2,79.25,79.25,1,1,0.9613187
0,0,0,0,65,1,2,1,2,2,2,0,2,2,0,1,1,111.05,7107.0,0,0,0.05317208
0,0,0,0,1,1,0,1,0,0,2,0,0,0,0,0,2,75.55,75.55,0,1,0.9725124
0,0,1,0,68,1,2,1,2,2,2,2,2,2,2,0,3,118.6,7990.05,0,0,0.038746476
1,1,1,0,15,1,2,1,2,0,2,0,2,0,0,1,2,96.5,1392.25,0,1,0.83697593
1,0,0,0,36,1,0,0,0,2,0,2,0,2,1,1,3,65.4,2498.4,1,0,0.067060076
1,0,0,0,4,1,0,0,0,0,0,0,0,0,0,0,3,44.55,220.75,0,0,0.27388987
0,0,0,0,46,1,2,1,0,2,2,0,0,2,1,1,2,94.15,4408.45,0,0,0.13732292
1,0,1,0,18,1,0,0,0,0,2,0,0,0,0,1,3,49.55,878.35,1,0,0.1531557
1,1,1,1,35,1,0,0,0,2,0,2,2,2,0,1,2,76.05,2747.2,0,0,0.03564975
0,0,1,1,47,1,0,2,1,1,1,1,1,1,2,0,0,19.3,890.5,0,0,0.005040682
0,0,1,1,42,1,0,1,0,0,2,0,2,2,0,1,2,92.15,3875.4,0,0,0.08284204
0,0,0,0,1,1,0,2,1,1,1,1,1,1,0,0,3,19.75,19.75,0,0,0.2716863
0,0,0,0,61,1,2,0,2,0,2,2,2,2,2,0,1,86.45,5175.3,0,0,0.0077342796
0,0,0,0,72,1,0,0,2,2,2,2,0,2,2,1,1,73.0,5265.2,0,0,0.000733834
0,0,1,0,15,1,0,2,1,1,1,1,1,1,0,0,1,20.45,330.8,0,0,0.042577256
1,0,0,0,4,1,0,0,0,0,2,2,2,2,0,1,2,74.4,299.7,1,0,0.07189052
0,0,0,0,11,1,0,2,1,1,1,1,1,1,1,0,3,20.0,211.95,0,0,0.025086632
0,0,0,0,18,1,0,1,0,0,0,0,0,0,0,1,2,71.1,1247.75,0,0,0.4109437
0,0,1,0,62,1,2,1,0,0,2,0,2,2,0,1,2,101.35,6164.7,0,0,0.43688437
0,0,1,0,2,1,0,1,0,0,0,0,0,0,0,1,1,70.4,154.8,0,1,0.6231628
0,1,1,0,25,1,0,1,0,2,2,0,0,2,0,0,0,88.4,2191.15,0,1,0.6563096
1,0,0,0,15,1,2,1,2,0,0,0,2,2,0,1,2,99.7,1566.75,0,1,0.92076737
1,0,0,0,72,1,2,0,0,2,2,2,2,2,2,1,0,88.6,6201.95,0,0,0.00063155906
1,0,0,0,21,1,0,0,2,0,2,0,2,0,0,0,0,65.35,1424.4,0,0,0.108283006
0,0,1,0,69,1,2,2,1,1,1,1,1,1,2,0,0,24.25,1641.8,0,0,0.0009911186
0,0,1,0,48,1,0,1,0,0,2,2,2,2,0,1,1,100.05,4834.0,0,0,0.14565924
1,0,1,1,32,0,1,0,0,0,2,0,2,2,0,0,1,50.6,1653.45,0,0,0.03879022
1,0,1,1,7,1,0,0,2,0,0,0,2,2,0,0,1,69.7,516.15,0,0,0.1541147
0,0,1,0,57,1,2,0,0,2,2,2,2,0,1,0,0,74.6,4368.95,0,0,0.016837295
0,0,0,1,18,1,0,2,1,1,1,1,1,1,1,0,0,20.15,390.85,1,0,0.013467388
1,0,0,0,10,0,1,0,0,2,0,2,0,0,0,0,2,35.75,389.8,0,0,0.037893295
0,0,0,0,2,1,2,1,0,0,2,0,0,0,0,0,3,80.6,155.8,1,1,0.7670044
1,0,0,0,1,1,0,1,0,0,0,2,0,0,0,1,3,74.3,74.3,0,1,0.6161029
0,1,0,0,52,1,2,0,2,0,2,0,0,0,2,0,0,59.85,3103.25,0,0,0.0042649563
0,0,0,0,11,1,2,1,0,0,0,2,2,0,0,0,2,90.15,987.95,1,1,0.59975237
0,0,1,0,58,1,2,0,0,2,0,2,0,0,2,1,1,59.9,3505.1,0,0,0.004760438
0,1,1,0,32,1,2,1,0,0,0,0,2,2,0,1,2,93.2,2931.0,1,1,0.5110192
0,0,1,1,3,1,2,0,0,2,2,0,2,0,0,1,0,69.15,235.0,0,1,0.564662
1,0,1,0,66,1,2,1,0,2,2,0,2,2,0,1,1,105.0,7133.25,1,1,0.63593274
1,0,0,0,12,1,2,1,0,0,0,0,2,2,0,1,2,96.05,1148.1,1,1,0.93696487
1,0,0,0,19,0,1,0,0,0,2,0,2,0,0,1,2,39.65,733.35,1,1,0.60701877
1,0,1,1,69,1,2,1,0,2,2,0,2,0,1,0,1,95.75,6511.25,0,0,0.120649315
1,0,0,0,10,1,0,2,1,1,1,1,1,1,0,0,1,20.0,198.7,0,0,0.0831844
0,1,1,1,32,1,2,1,0,2,0,0,2,2,0,1,2,100.4,3217.65,0,1,0.5254358
1,0,0,0,10,1,0,0,0,0,0,0,0,0,0,1,2,45.55,402.6,1,0,0.23031451
1,0,1,0,64,1,2,0,0,2,2,2,2,0,2,1,0,76.1,4818.8,0,0,0.0015646435
1,0,1,1,4,0,1,0,2,0,0,0,2,0,0,0,1,38.55,156.1,0,0,0.38873428
1,0,1,1,36,1,0,2,1,1,1,1,1,1,2,0,1,19.45,754.5,0,0,0.0005820778
1,0,1,1,8,1,0,0,0,0,2,0,0,0,0,1,2,51.05,415.05,1,0,0.28042218
1,0,0,0,32,1,0,1,0,0,0,0,2,2,0,0,2,91.05,2871.5,0,0,0.39243278
0,0,1,1,2,0,1,0,0,0,0,0,0,0,0,1,3,24.4,36.55,1,0,0.20602036
0,0,1,1,18,1,2,2,1,1,1,1,1,1,2,1,1,24.65,471.35,0,0,0.00107127
0,0,1,1,52,1,0,2,1,1,1,1,1,1,2,0,0,20.1,1078.75,0,0,0.0025153821
0,0,1,0,24,1,2,0,2,2,2,0,0,0,0,0,3,66.3,1559.45,0,0,0.252139
1,0,0,0,1,1,0,0,0,0,0,0,0,2,0,1,2,55.25,55.25,0,1,0.69783354
1,0,0,0,7,1,0,2,1,1,1,1,1,1,0,1,3,19.4,168.65,0,0,0.43289852
0,1,0,0,8,1,2,1,0,0,0,2,2,2,0,1,1,100.15,908.55,0,1,0.98483366
0,0,1,1,14,1,0,1,0,0,0,0,0,0,0,0,2,70.2,1046.5,0,0,0.3448025
1,0,0,0,13,1,0,2,1,1,1,1,1,1,1,0,1,19.3,259.65,0,0,0.02521774
1,0,1,1,40,1,2,1,2,2,0,2,2,2,0,1,1,110.1,4469.1,0,0,0.38149086
0,0,1,0,63,1,0,1,2,0,2,0,0,0,1,1,1,81.15,5224.5,0,0,0.0016776266
1,0,1,0,17,1,2,1,0,2,0,0,0,0,0,1,0,80.5,1336.9,0,0,0.20124927
0,0,1,0,19,1,2,1,0,0,0,0,2,0,0,1,2,86.85,1564.4,0,1,0.66576093
0,0,0,0,12,1,0,0,0,0,0,0,0,0,0,1,2,45.05,523.1,0,0,0.18121938
0,0,1,1,43,1,2,2,1,1,1,1,1,1,1,1,0,24.45,993.15,0,0,0.007072349
0,0,0,0,18,1,2,1,0,2,0,0,2,0,0,1,1,90.0,1527.35,1,0,0.42880437
1,0,0,0,35,1,2,2,1,1,1,1,1,1,0,1,2,25.6,901.25,0,0,0.15240769
0,0,1,1,42,1,2,1,0,0,0,0,2,2,0,1,2,94.2,4186.3,1,0,0.41635537
0,0,0,0,61,1,2,0,2,2,2,2,2,2,2,0,2,89.65,5308.7,0,0,0.006584118
0,0,0,0,39,1,0,1,2,0,2,2,2,0,1,1,2,95.55,3692.85,1,0,0.01702391
1,0,0,0,21,1,2,1,0,2,0,0,0,0,0,1,2,82.35,1852.85,1,1,0.6937675
1,0,0,1,1,1,0,2,1,1,1,1,1,1,0,0,3,20.75,20.75,0,0,0.18202968
0,0,1,1,58,0,1,0,2,0,2,2,2,2,2,0,3,59.75,3624.35,0,0,0.002923928
1,0,0,1,1,1,0,2,1,1,1,1,1,1,0,1,3,20.25,20.25,0,0,0.46991396
1,0,0,0,53,1,0,2,1,1,1,1,1,1,2,0,1,19.5,1050.5,0,0,0.00992773
0,0,0,0,25,1,2,2,1,1,1,1,1,1,2,0,1,24.75,692.1,1,0,0.0025655692
0,0,1,0,64,1,2,0,0,0,2,2,0,0,1,0,0,58.35,3756.45,0,0,0.0052745645
0,0,0,0,1,1,2,0,0,0,0,0,0,2,0,1,2,60.15,60.15,1,1,0.859059
1,1,0,0,4,1,0,1,0,0,0,0,0,0,0,0,2,69.35,261.65,0,0,0.4175979
0,0,1,1,5,0,1,0,0,2,0,0,0,0,0,1,2,30.5,167.2,0,0,0.340493
0,0,1,0,44,1,2,1,2,2,2,2,0,0,0,1,1,95.1,4060.55,0,0,0.10078624
1,0,0,0,31,1,2,1,0,2,2,0,2,2,1,1,2,103.45,3066.45,1,0,0.124769606
0,0,0,0,2,1,0,1,0,2,0,0,2,0,0,1,0,87.15,183.75,1,1,0.9676675
1,0,1,1,71,1,2,1,2,2,2,2,2,2,2,1,0,116.05,8297.5,0,0,0.06337321
0,0,1,1,72,1,0,0,2,2,2,2,2,2,2,0,0,85.3,6129.2,0,0,0.00058712653
0,0,1,1,56,1,2,0,2,2,0,0,0,2,1,0,0,68.75,3815.4,0,0,0.022106675
1,0,1,0,24,1,0,2,1,1,1,1,1,1,1,0,3,20.1,533.9,0,0,0.0017377505
0,0,0,0,22,1,0,0,2,0,0,0,0,0,0,1,2,49.8,1049.05,0,1,0.58869845
1,0,1,0,33,1,2,0,2,2,2,0,2,0,0,1,0,72.75,2447.45,0,0,0.12261471
1,0,0,0,54,1,2,0,2,0,2,2,2,2,2,0,0,87.1,4735.2,0,0,0.015113087
1,0,1,1,26,1,0,2,1,1,1,1,1,1,1,1,0,20.05,505.9,0,0,0.015278989
1,0,0,0,18,1,2,0,2,0,2,0,2,0,0,0,3,69.5,1199.4,0,0,0.07632039
0,1,0,0,1,0,1,0,0,0,0,0,2,0,0,1,2,36.45,36.45,1,1,0.92949295
0,0,0,0,16,1,2,1,0,0,0,0,0,0,0,0,2,72.65,1194.3,1,0,0.37429824
1,0,0,0,1,1,0,0,2,0,0,0,0,0,0,0,2,49.75,49.75,0,0,0.13333951
1,0,0,1,27,1,0,2,1,1,1,1,1,1,2,0,1,19.7,509.3,0,0,0.0008296576
0,0,1,0,16,1,2,1,0,2,0,0,2,2,0,1,2,100.0,1534.75,1,1,0.84986585
1,0,0,0,35,1,2,0,2,0,0,0,0,0,2,0,3,55.25,1924.1,0,0,0.0062344284
0,0,1,1,36,1,2,1,0,2,2,0,2,0,0,1,0,97.35,3457.9,1,0,0.19958258
1,1,1,0,37,1,2,1,0,0,0,0,2,2,0,1,2,92.5,3473.4,1,0,0.40151533
1,1,1,0,50,1,2,1,2,2,2,0,2,0,1,1,0,101.9,5265.5,0,0,0.13001285
1,0,0,1,29,0,1,0,2,2,2,2,0,0,0,1,3,45.0,1242.45,0,0,0.0073235896
0,1,0,0,1,1,0,1,0,0,0,0,0,0,0,1,2,69.25,69.25,1,1,0.9611155
0,1,0,0,56,1,2,0,2,0,2,2,0,2,2,0,0,73.25,4054.2,0,0,0.014253949
0,1,0,0,5,1,2,1,0,0,0,0,2,0,0,1,1,83.15,446.05,1,1,0.64683545
0,0,1,1,20,1,2,0,2,0,0,0,2,2,1,0,0,76.0,1588.75,0,0,0.115105286
0,0,1,0,33,1,0,2,1,1,1,1,1,1,0,0,3,20.05,669.45,0,0,0.011443266
1,0,0,0,54,0,1,0,2,2,0,0,0,2,2,0,0,46.2,2431.95,0,0,0.008921619
1,0,1,0,62,1,0,0,0,2,2,2,0,0,2,1,1,60.15,3753.2,0,0,0.0088302195
1,0,0,0,67,1,0,2,1,1,1,1,1,1,2,1,3,19.8,1311.3,0,0,0.009528986
1,1,1,0,72,0,1,0,2,2,2,2,2,2,2,1,1,64.45,4641.1,0,0,0.0048067137
1,0,1,1,69,1,2,2,1,1,1,1,1,1,2,0,0,24.45,1718.2,0,0,0.0013896498
0,0,0,1,49,1,0,2,1,1,1,1,1,1,2,0,1,20.45,1024.65,0,0,0.0016607423
1,1,0,0,35,1,0,0,0,0,2,2,2,2,1,1,2,73.0,2471.25,0,0,0.24620612
0,0,1,1,69,1,2,1,0,2,2,0,2,2,0,1,2,103.95,7446.9,1,0,0.35905263
0,1,0,0,41,1,2,1,2,2,2,0,2,2,0,1,2,113.2,4689.5,1,1,0.61190295
0,0,0,0,58,1,2,0,2,2,2,2,0,0,1,1,1,71.1,4299.2,0,0,0.007536223
1,0,1,1,1,1,0,1,0,0,0,0,0,0,0,1,3,70.65,70.65,1,1,0.72784317
1,0,0,0,12,1,0,2,1,1,1,1,1,1,0,0,1,20.05,265.45,0,0,0.10569818
1,0,0,1,66,1,0,2,1,1,1,1,1,1,2,0,3,20.55,1357.1,0,0,0.00072707725
0,1,0,0,7,1,0,0,0,2,0,0,0,0,0,1,3,51.3,419.35,0,0,0.14579047
0,1,1,0,54,1,2,1,2,2,2,2,2,2,1,1,0,115.6,6431.05,0,1,0.5993841
1,0,1,1,72,1,0,2,1,1,1,1,1,1,2,0,0,19.95,1322.85,0,0,0.00040134558
1,0,1,0,42,1,2,1,0,0,2,2,2,2,0,1,0,106.15,4512.7,1,1,0.5072558
0,0,1,0,2,1,0,1,2,0,0,0,0,0,0,1,2,74.4,139.4,1,0,0.35120487
1,0,0,0,10,1,0,0,0,0,0,0,0,0,0,0,3,46.0,492.1,0,0,0.17274064
0,0,1,0,58,1,2,1,2,2,2,0,2,2,2,1,0,109.45,6144.55,1,0,0.19900246
0,0,1,1,9,1,0,0,2,0,0,0,0,0,1,0,3,48.6,422.3,0,0,0.05595337
0,0,0,0,32,1,2,1,0,0,0,0,2,0,1,0,2,84.05,2781.85,1,0,0.060416445
0,0,0,0,6,1,0,2,1,1,1,1,1,1,0,1,3,20.95,109.5,0,0,0.15180182
1,1,1,0,50,1,2,1,2,0,2,0,2,2,2,1,1,105.05,5163.3,0,0,0.3097417
1,0,1,1,57,1,0,2,1,1,1,1,1,1,2,0,3,20.75,1123.15,0,0,0.0024458894
0,0,0,0,48,1,2,2,1,1,1,1,1,1,1,0,1,25.05,1171.5,0,0,0.030067327
0,0,0,0,56,1,0,1,0,2,0,0,0,0,0,1,2,73.85,4092.85,1,0,0.11605942
0,0,0,0,67,1,2,1,2,2,2,0,2,0,0,1,1,102.95,6886.25,1,0,0.048219413
1,0,0,0,69,0,1,0,2,2,0,2,2,2,2,1,0,60.05,4176.7,0,0,0.0007471154
0,0,0,0,23,1,2,1,0,2,0,0,0,0,0,1,2,79.15,1676.95,1,0,0.47520417
1,0,1,1,5,1,0,2,1,1,1,1,1,1,1,0,3,20.1,85.1,0,0,0.0053303493
1,1,1,0,25,1,2,1,2,0,0,0,0,2,1,1,2,89.05,2177.45,1,0,0.19933684
1,0,0,0,8,1,2,1,0,2,0,0,2,2,0,0,2,100.85,819.55,1,0,0.32628027
1,0,0,0,1,1,2,1,0,0,0,0,0,0,0,1,3,74.25,74.25,1,1,0.8583916
0,0,0,0,4,1,2,1,0,0,0,0,0,0,0,0,2,75.35,338.1,1,1,0.6296714
0,0,1,1,55,1,2,0,2,2,0,2,2,0,1,1,1,75.0,4213.9,0,0,0.0055319006
0,1,1,0,1,1,0,0,2,0,0,0,0,0,0,1,2,49.55,49.55,1,1,0.50261813
0,0,0,0,42,1,0,2,1,1,1,1,1,1,1,1,3,20.65,958.1,0,0,0.0049751075
1,0,1,0,40,1,0,1,0,2,2,0,0,0,0,1,2,80.0,3168.75,0,1,0.7714934
1,0,1,0,10,1,0,2,1,1,1,1,1,1,1,0,0,19.6,189.45,0,0,0.028600017
1,1,0,0,1,1,2,1,0,0,2,0,2,0,0,1,2,88.8,88.8,1,1,0.9833997
0,0,0,0,15,1,0,0,2,2,2,2,2,2,0,0,3,84.45,1287.85,0,0,0.4216609
0,1,1,0,26,1,0,0,0,0,2,0,0,2,1,0,3,60.7,1597.4,0,0,0.06728408
0,0,1,0,70,1,2,1,0,2,2,2,2,2,1,1,2,109.5,7674.55,1,0,0.2666032
0,0,1,1,46,1,0,2,1,1,1,1,1,1,2,1,3,19.95,927.1,0,0,0.0012851671
0,0,0,0,12,1,0,0,0,2,0,0,0,0,0,1,2,49.4,611.65,0,0,0.08974193
1,0,1,1,13,1,2,1,0,0,0,0,0,0,0,1,1,74.4,896.75,1,0,0.34134683
0,0,0,0,12,1,0,1,2,0,0,0,2,0,1,1,1,85.15,979.05,0,0,0.09543129
0,0,1,1,65,1,2,1,2,0,2,0,2,2,2,1,1,104.3,6725.3,0,0,0.10268437
1,0,0,0,3,1,0,0,0,0,2,0,0,0,0,1,2,49.15,169.05,1,1,0.7077477
0,0,0,0,32,1,0,2,1,1,1,1,1,1,0,0,0,19.9,601.55,0,0,0.012137938
1,1,1,0,44,0,1,0,0,2,0,0,0,0,0,1,2,30.35,1359.7,1,1,0.57912755
1,0,0,0,1,1,0,0,0,0,2,0,0,0,0,1,3,49.65,49.65,1,0,0.30946448
0,0,0,0,24,1,2,1,2,0,0,2,0,0,0,1,2,84.35,1938.05,0,0,0.27377704
1,0,1,1,72,1,2,1,0,2,2,2,2,2,2,1,0,112.25,8041.65,0,0,0.023451084
1,0,1,0,61,0,1,0,2,0,2,2,2,2,2,1,3,62.15,3778.85,0,0,0.0029623779
1,0,0,1,1,1,0,2,1,1,1,1,1,1,0,0,3,19.75,19.75,1,0,0.4514962
1,0,1,1,44,0,1,0,0,0,2,2,2,2,1,1,2,54.3,2317.1,0,0,0.09027688
1,0,1,1,62,1,2,2,1,1,1,1,1,1,2,1,0,24.25,1424.6,0,0,0.0003704551
0,0,1,1,10,1,0,2,1,1,1,1,1,1,0,1,0,19.8,196.75,0,0,0.24679208
0,0,0,0,58,1,0,1,2,2,2,0,2,2,1,1,2,106.45,6145.85,1,0,0.08175051
0,0,0,0,1,1,2,1,0,0,0,0,0,0,0,0,2,76.0,76.0,1,1,0.9350249
1,0,1,1,71,1,2,1,2,2,2,2,2,2,2,1,0,114.0,8175.9,0,0,0.06337321
1,0,0,0,1,1,0,0,0,0,0,2,0,0,0,0,3,51.25,51.25,1,1,0.69414604
1,0,0,0,20,1,2,0,0,2,0,2,2,0,1,1,2,68.7,1416.2,0,0,0.029089065
0,1,0,0,1,1,0,1,0,0,0,0,2,0,0,0,2,78.45,78.45,1,1,0.973044
1,0,0,0,9,1,0,0,0,0,0,0,0,0,0,1,3,44.4,348.15,0,0,0.1999276
1,0,1,0,70,1,0,1,2,2,2,2,0,2,2,0,1,101.0,7085.5,0,0,0.015466785
0,0,1,1,53,1,0,0,0,0,2,0,0,2,1,0,1,60.6,3297.0,0,0,0.15292826
1,0,0,1,8,1,0,2,1,1,1,1,1,1,0,0,0,19.45,159.2,0,0,0.03429424
0,0,0,0,6,0,1,0,2,2,2,2,2,2,2,1,3,63.4,348.8,0,0,0.0025695208
1,0,0,0,26,1,2,0,0,0,0,0,0,0,1,1,1,51.55,1295.4,0,0,0.01728415
0,0,0,0,47,1,0,1,2,0,0,0,0,0,0,0,1,75.45,3545.1,0,0,0.12735428
0,0,1,1,55,1,2,1,2,2,0,0,0,0,0,1,2,85.1,4600.95,0,0,0.08336501
1,1,0,0,66,1,2,1,0,2,2,2,2,2,1,0,1,110.9,7432.05,1,0,0.39998847
1,0,0,1,31,1,2,0,0,2,0,2,2,2,1,1,3,79.45,2587.7,1,0,0.06990835
1,0,1,0,32,1,2,1,0,0,0,2,0,0,1,1,2,79.25,2619.15,0,0,0.0525449
1,0,1,1,65,1,0,0,2,0,0,2,2,2,2,1,0,74.8,4820.15,1,0,0.001191031
0,1,0,0,1,1,0,0,0,0,0,0,0,0,0,0,3,45.1,45.1,1,1,0.64399
1,0,0,0,5,1,0,2,1,1,1,1,1,1,0,0,3,20.25,109.8,0,0,0.12692086
1,0,1,1,17,1,2,0,0,2,2,2,0,0,0,1,3,66.7,1077.05,0,0,0.078738935
1,0,0,1,21,1,2,2,1,1,1,1,1,1,0,0,3,24.7,467.15,0,0,0.004656142
1,0,0,0,67,1,0,2,1,1,1,1,1,1,2,0,0,19.95,1311.75,0,0,0.0013026362
1,0,0,0,40,1,0,0,2,0,2,0,0,2,0,0,2,67.45,2731.0,0,0,0.09926485
0,0,0,1,72,1,0,2,1,1,1,1,1,1,2,1,3,19.75,1567.0,0,0,0.0017467296
1,0,0,0,2,1,0,0,2,0,0,0,0,0,0,1,2,47.8,92.45,1,1,0.54500216
1,1,0,0,3,1,2,1,0,2,2,0,2,2,0,1,2,105.0,294.45,1,1,0.9222938
1,0,0,0,17,1,0,0,2,2,0,0,0,0,1,0,3,56.1,946.95,0,0,0.017171277
1,0,0,0,66,1,2,1,2,2,2,2,2,2,1,1,0,114.3,7383.7,0,0,0.022405045
1,0,1,1,61,1,0,1,0,2,0,2,2,2,1,1,0,98.45,6145.2,0,0,0.025200197
1,1,0,0,13,1,0,0,0,2,0,0,2,0,0,1,2,59.9,788.35,0,0,0.23764136
0,0,1,0,37,1,0,2,1,1,1,1,1,1,1,1,0,19.85,717.5,0,0,0.014572735
0,0,0,0,19,1,0,1,2,0,2,2,2,2,0,1,2,106.6,1934.45,1,0,0.16791396
0,0,0,1,48,1,0,2,1,1,1,1,1,1,1,0,3,19.95,936.7,0,0,0.025358228
0,0,1,0,1,1,0,0,0,0,0,0,2,0,0,1,3,55.3,55.3,0,1,0.79713917
1,1,1,0,7,0,1,0,2,0,0,0,0,0,0,0,0,29.8,220.45,0,0,0.17662242
0,0,0,0,62,1,2,1,2,2,2,0,0,0,1,1,2,92.05,5755.8,0,0,0.026780078
1,0,1,1,27,1,2,1,2,2,0,2,2,0,0,0,2,100.75,2793.55,0,1,0.64952683
1,0,1,1,39,1,2,2,1,1,1,1,1,1,2,1,3,23.8,903.8,0,0,0.0015968288
1,0,0,0,2,1,2,0,0,0,0,0,0,2,0,0,0,62.05,118.3,1,0,0.34851083
0,0,0,0,2,1,0,2,1,1,1,1,1,1,0,0,3,20.65,38.7,1,0,0.05606261
1,0,1,0,42,1,2,1,0,0,2,2,2,2,1,1,2,108.3,4586.15,0,1,0.50023526
1,0,0,0,22,1,2,1,0,2,0,0,0,0,0,1,2,79.35,1730.35,1,1,0.58463305
1,0,0,0,40,1,2,1,0,0,0,0,2,0,0,1,2,84.9,3369.05,0,1,0.6334086
1,0,1,1,49,1,2,1,0,0,0,2,2,2,1,1,2,97.95,4917.9,0,0,0.31657326
0,0,1,0,11,1,0,0,0,0,0,0,0,0,0,1,2,44.05,483.7,1,0,0.29665026
0,0,0,0,9,1,2,1,0,0,0,0,0,2,0,1,2,83.3,803.3,1,1,0.62753135
0,0,1,1,71,1,2,0,2,2,2,2,2,2,2,0,3,91.05,6293.75,0,0,0.0006055771
0,0,0,0,60,1,0,1,2,0,2,2,2,2,0,1,0,104.95,6236.75,0,0,0.032609534
0,0,0,0,20,1,0,0,0,0,0,0,0,0,0,1,2,44.35,927.15,0,0,0.14543505
0,0,1,1,72,1,2,1,2,2,2,2,2,2,2,1,0,115.6,8220.4,0,0,0.009611771
1,0,1,0,52,1,2,1,2,0,2,2,0,0,2,1,1,91.6,4627.8,0,0,0.013293806
1,0,1,1,72,1,2,0,2,2,2,2,2,2,2,1,1,90.6,6441.85,0,0,0.00025426134
0,0,0,0,18,1,0,2,1,1,1,1,1,1,0,1,3,19.55,389.25,0,0,0.02507576
0,0,1,0,5,1,0,1,0,0,0,0,0,0,0,1,2,68.95,351.5,0,0,0.47037977
1,0,1,1,70,1,2,1,2,2,2,2,2,2,2,0,1,114.75,7842.3,0,0,0.25899377
1,0,0,0,50,0,1,0,2,2,0,0,0,0,0,1,3,35.0,1782.4,0,0,0.094504684
1,0,0,0,62,1,2,0,2,2,2,2,0,0,2,0,0,69.4,4237.5,0,0,0.0005422173
1,0,1,0,61,1,2,0,2,0,2,0,0,2,2,1,3,69.9,4226.7,0,0,0.0024773488
1,0,0,0,1,1,0,2,1,1,1,1,1,1,0,0,3,20.0,20.0,1,0,0.22084986
0,0,0,0,11,1,0,2,1,1,1,1,1,1,1,0,1,20.05,237.7,0,0,0.053808626
0,0,1,0,37,1,2,0,0,2,0,2,0,2,1,0,3,72.1,2658.4,0,0,0.04281209
1,0,1,0,48,1,0,2,1,1,1,1,1,1,2,0,3,19.25,855.1,0,0,0.007530558
1,1,0,0,12,0,1,0,0,0,2,2,0,2,0,1,2,43.65,526.95,1,0,0.21592826
0,0,1,1,70,1,2,0,2,2,0,0,2,0,2,1,1,69.2,4872.35,0,0,0.0067571425
1,1,0,0,9,1,2,0,2,0,0,0,0,0,0,0,2,54.55,494.05,1,0,0.335151
0,0,0,0,1,1,0,0,0,0,0,0,0,0,0,0,3,43.95,43.95,1,0,0.39474198
0,0,1,1,1,1,0,1,0,0,0,0,2,0,0,1,3,80.05,80.05,1,1,0.83425564
0,0,0,0,38,1,2,1,0,0,2,2,2,2,0,1,2,103.65,3988.5,0,1,0.5171135
1,0,0,0,10,1,2,1,0,0,0,0,0,0,0,0,2,75.05,786.3,0,1,0.6396046
0,0,1,0,70,1,2,1,0,2,2,2,2,2,2,1,2,110.5,7752.05,0,0,0.1202448
1,0,1,0,29,0,1,0,0,0,0,0,2,2,0,1,2,45.9,1332.4,0,0,0.44809428
1,1,0,0,42,1,2,1,0,2,0,0,0,0,0,1,0,79.35,3344.1,0,0,0.34052417
0,0,0,1,24,1,0,2,1,1,1,1,1,1,2,0,3,19.75,498.1,0,0,0.0012058142
1,1,0,0,18,1,2,1,0,2,0,0,0,0,0,1,1,80.55,1411.65,0,0,0.2304597
1,0,1,1,72,1,2,1,0,2,2,0,2,2,1,1,1,104.45,7459.0,0,0,0.026886528
1,1,1,0,30,1,2,1,2,2,2,2,2,0,0,1,0,105.7,3181.8,0,0,0.10371903
0,0,1,1,54,1,0,0,2,0,2,2,0,2,2,0,0,69.95,3871.85,0,0,0.030884646
1,0,1,0,59,1,0,0,2,2,2,0,2,0,1,0,1,66.4,3958.2,0,0,0.050380122
1,1,1,0,70,1,2,1,0,2,2,0,2,2,0,1,2,102.95,7101.5,1,0,0.301881
0,0,1,0,71,1,2,0,2,2,2,2,2,2,2,0,0,87.95,6365.35,0,0,0.0006189169
0,0,1,1,56,1,0,2,1,1,1,1,1,1,2,1,1,19.8,1119.9,0,0,0.0076454943
1,0,0,0,19,1,2,1,0,0,0,0,0,2,0,1,0,86.0,1532.45,1,0,0.28912675
0,1,0,0,59,1,2,1,2,2,2,0,0,0,0,1,2,89.75,5496.9,0,0,0.034342453
1,0,1,1,57,1,0,2,1,1,1,1,1,1,1,0,3,19.4,1061.6,0,0,0.05038471
0,0,1,1,29,1,0,2,1,1,1,1,1,1,2,0,3,20.2,558.8,0,0,0.000118198055
0,0,1,0,71,1,2,2,1,1,1,1,1,1,2,1,1,24.45,1681.6,0,0,0.0009720317
0,1,0,1,30,1,2,1,0,0,0,2,2,2,0,1,2,101.3,2974.5,0,1,0.5935131
1,0,0,0,29,1,0,0,2,2,0,2,0,0,1,1,2,58.75,1696.2,0,0,0.030017298
1,0,0,0,21,1,0,0,0,0,2,0,0,2,0,0,3,61.65,1393.6,0,0,0.06421987
0,0,1,1,23,1,2,2,1,1,1,1,1,1,2,0,3,25.1,611.45,0,0,0.00027129374
1,0,1,1,8,1,0,0,2,0,0,0,0,0,0,1,1,51.3,411.6,0,0,0.11572951
1,0,1,1,1,1,0,2,1,1,1,1,1,1,1,0,3,18.8,18.8,0,0,0.034846425
1,0,1,1,9,1,0,0,0,2,0,2,0,0,0,0,3,54.8,452.8,0,0,0.15119633
1,1,0,0,14,1,2,1,0,0,0,0,0,0,0,1,2,74.95,1036.75,1,1,0.67336
1,0,0,0,29,0,1,0,0,2,0,2,0,0,0,0,2,34.3,1004.75,0,0,0.08642088
1,0,1,1,72,1,2,1,2,2,2,0,2,2,2,1,0,110.3,7966.9,0,0,0.005406546
1,1,1,0,35,1,2,1,0,0,2,0,0,0,1,1,0,81.6,2815.25,0,0,0.11299724
1,0,0,0,62,1,0,0,0,2,2,2,2,2,0,1,0,80.4,4981.15,0,0,0.00280931
0,1,1,0,60,0,1,0,0,2,0,0,2,2,2,1,1,49.45,2907.55,0,0,0.16002735
0,0,1,1,71,1,0,1,0,0,2,0,0,0,2,0,2,76.05,5436.45,0,0,0.040611215
0,0,1,1,41,1,2,1,0,2,2,2,2,2,1,1,0,109.1,4454.25,0,0,0.10367751
1,0,0,0,1,1,0,2,1,1,1,1,1,1,0,0,2,19.2,19.2,0,0,0.03879858
1,0,0,0,2,1,0,2,1,1,1,1,1,1,0,0,3,19.75,39.3,0,0,0.43341085
0,0,0,0,18,1,0,1,2,0,0,0,2,2,0,1,2,96.05,1740.7,1,0,0.47909606
0,0,0,1,11,0,1,0,0,0,0,0,0,0,0,0,2,25.2,321.05,0,0,0.21156897
0,1,1,0,72,1,2,1,2,0,0,0,0,0,2,0,0,78.5,5602.25,0,0,0.0010289703
1,0,1,1,51,1,2,1,0,2,0,2,0,0,1,0,0,84.2,4299.75,0,0,0.018593166
0,0,1,1,21,1,0,1,0,2,0,0,0,0,0,1,0,74.05,1565.7,1,0,0.27979416
1,0,0,0,1,1,0,2,1,1,1,1,1,1,0,0,3,20.2,20.2,0,1,0.5359067
0,0,0,0,4,1,2,1,0,2,0,0,0,2,0,1,2,88.95,355.2,1,1,0.9249317
0,1,1,0,60,1,0,1,2,2,2,2,2,2,2,1,0,110.0,6668.35,0,0,0.009161196
0,0,0,0,8,1,0,0,2,0,0,2,0,0,1,0,0,54.25,447.75,0,0,0.032726992
0,0,1,1,57,1,2,1,0,2,0,0,2,2,0,1,2,100.6,5611.7,0,0,0.22719155
1,0,0,0,14,1,2,2,1,1,1,1,1,1,1,1,1,24.8,321.7,0,0,0.01792212
0,1,0,0,2,1,2,1,0,0,0,0,0,2,0,1,2,84.05,186.05,0,1,0.9270845
1,0,0,0,10,1,0,1,0,0,0,0,0,0,0,1,2,70.0,740.0,1,1,0.63668764
1,0,0,0,1,1,0,2,1,1,1,1,1,1,0,1,0,20.2,20.2,1,0,0.36769396
0,0,1,0,61,1,2,2,1,1,1,1,1,1,2,0,0,25.3,1554.9,0,0,0.005293957
0,1,1,0,70,1,2,1,0,0,0,0,0,0,2,1,1,75.65,5411.4,0,0,0.064441204
0,0,0,0,2,1,0,0,0,0,2,0,0,2,0,0,2,60.85,111.4,0,0,0.49339476
0,1,0,0,1,1,0,1,0,0,0,0,2,2,0,1,2,89.3,89.3,1,1,0.9302293
0,0,1,1,38,1,0,2,1,1,1,1,1,1,1,0,3,20.3,749.35,0,0,0.0010310413
1,1,1,0,7,1,0,1,0,0,0,0,0,0,0,1,3,70.1,467.55,1,1,0.68497264
1,1,1,1,60,1,2,1,2,2,0,0,0,2,0,1,2,93.25,5774.55,0,0,0.026017295
0,0,0,0,2,1,0,0,0,2,0,0,0,0,0,0,3,49.2,103.7,0,0,0.27005583
0,0,0,0,2,1,0,1,0,0,0,0,2,2,0,1,2,90.4,168.2,1,1,0.84126556
1,0,1,0,8,1,0,1,2,0,0,0,0,0,0,1,3,75.0,658.1,0,0,0.26994085
1,0,1,1,67,1,2,1,2,2,2,0,2,2,1,1,2,111.3,7482.1,1,0,0.17111777
1,0,0,0,3,0,1,0,2,2,0,0,0,0,0,1,3,35.45,106.85,1,1,0.72095734
1,0,0,0,27,1,0,2,1,1,1,1,1,1,0,1,1,19.4,460.25,0,0,0.03404632
1,0,0,0,3,1,0,0,2,0,0,2,2,0,0,1,1,64.4,195.65,0,0,0.06420757
1,0,1,0,15,1,0,2,1,1,1,1,1,1,0,1,1,19.45,340.85,0,0,0.10582283
1,0,1,1,7,1,0,1,0,2,0,2,2,0,0,1,2,89.75,608.8,1,0,0.44130692
1,0,0,0,1,1,0,2,1,1,1,1,1,1,0,1,3,20.25,20.25,0,1,0.53029585
0,0,1,1,48,1,0,2,1,1,1,1,1,1,2,0,0,20.65,1057.0,0,0,0.0015910222
1,0,0,0,70,0,1,0,0,0,0,2,0,2,2,1,3,40.05,2799.75,0,0,0.0067610675
1,0,1,1,60,1,0,2,1,1,1,1,1,1,2,1,0,20.95,1270.55,0,0,0.0013676663
0,0,0,0,9,1,0,2,1,1,1,1,1,1,0,0,3,19.05,157.65,0,0,0.2835145
0,1,1,0,2,1,2,1,0,0,2,0,0,0,0,0,2,79.2,172.85,1,1,0.66639334
0,0,1,1,1,0,1,0,2,0,0,0,0,0,0,0,0,30.5,30.5,1,0,0.14925832
0,0,0,0,1,1,0,1,0,0,0,0,0,0,0,1,2,70.1,70.1,1,1,0.6618297
0,0,1,1,58,1,0,1,0,2,2,0,2,0,0,1,2,91.55,5511.65,0,0,0.25261945
0,0,0,1,39,0,1,0,0,0,2,0,0,0,0,0,1,30.1,1131.3,1,0,0.019984195
1,1,1,0,71,1,2,1,2,2,2,2,0,0,1,1,2,92.0,6585.2,0,0,0.007940634
1,0,1,1,22,1,0,2,1,1,1,1,1,1,1,0,3,20.15,419.9,0,0,0.0014801394
1,0,0,1,17,1,0,0,0,0,0,0,0,0,1,0,3,44.6,681.4,0,0,0.029208483
0,0,0,0,13,0,1,0,0,0,2,2,0,0,2,0,3,35.4,450.4,0,0,0.0019708213
1,0,0,0,1,1,0,1,0,0,0,0,0,0,0,1,2,69.35,69.35,1,1,0.9563344
0,0,1,0,44,1,0,0,2,2,2,0,0,0,1,1,3,61.5,2722.2,0,0,0.028528554
1,0,0,0,1,1,0,1,0,0,0,0,2,0,0,1,2,79.5,79.5,1,1,0.95482343
1,0,1,1,53,1,2,0,0,0,2,2,2,2,1,1,3,78.75,3942.45,0,0,0.032051474
1,0,0,0,3,0,1,0,0,0,0,0,0,0,0,0,2,25.1,79.8,0,1,0.7044995
0,0,1,0,24,1,2,1,0,0,2,0,0,0,0,1,3,79.65,1928.7,0,0,0.4280352
0,1,1,0,62,1,2,1,0,2,2,0,2,0,1,1,1,97.95,5936.55,0,0,0.074008755
0,0,0,0,5,1,0,0,0,0,0,0,0,0,0,1,1,44.05,202.15,0,1,0.5928739
0,0,0,0,6,1,0,0,0,0,0,0,0,2,0,1,2,55.0,340.4,0,0,0.3499874
0,0,1,0,49,1,0,2,1,1,1,1,1,1,2,1,0,20.15,973.35,0,0,0.0026828593
1,0,0,0,5,1,0,2,1,1,1,1,1,1,0,1,3,19.25,86.05,0,0,0.41078988
1,1,0,0,2,1,2,1,0,0,0,0,2,2,0,1,2,94.0,181.7,1,1,0.9548315
1,0,1,0,71,1,2,1,2,2,2,2,2,2,2,1,2,116.25,8564.75,0,0,0.062106054
0,0,1,0,53,1,0,1,2,2,2,2,2,2,1,0,2,110.5,5835.5,0,0,0.45259157
0,0,1,1,45,1,0,0,0,2,0,2,0,0,1,1,1,54.15,2319.8,1,0,0.062382184
0,0,0,0,27,1,0,2,1,1,1,1,1,1,1,0,3,19.15,501.35,0,0,0.00036707934
0,0,1,1,36,1,0,0,2,0,0,0,0,0,0,0,1,51.05,1815.0,0,0,0.025958719
1,0,0,1,54,1,2,0,0,2,0,0,0,0,0,1,1,55.0,3092.65,1,0,0.014073151
1,0,1,0,57,1,2,1,0,0,2,2,2,2,2,0,2,107.95,5969.85,0,0,0.4112531
1,0,0,0,1,1,0,0,0,2,0,0,0,0,0,1,2,50.75,50.75,1,1,0.8093698
0,0,1,1,34,1,0,0,2,2,2,2,2,2,2,0,3,84.75,2839.45,0,0,0.013491503
0,0,0,0,56,0,1,0,0,0,0,0,2,2,0,1,1,44.85,2564.95,0,0,0.244106
0,0,0,0,11,1,2,1,0,0,0,0,0,0,0,1,2,76.5,837.95,1,0,0.39656284
1,0,1,1,7,1,0,2,1,1,1,1,1,1,0,0,3,20.25,144.35,0,0,0.15802407
1,0,1,1,5,1,2,0,2,2,0,2,0,0,0,0,1,64.4,316.9,0,0,0.18834005
1,0,1,1,24,1,2,0,2,0,0,0,2,2,1,0,3,74.8,1821.2,0,0,0.04294083
1,1,1,0,54,1,2,1,0,0,0,0,0,0,0,0,0,74.0,3919.15,0,0,0.1404163
1,0,1,0,72,1,2,0,2,2,2,2,2,2,2,1,0,89.05,6254.45,0,0,0.00029921983
1,0,1,1,30,1,2,0,2,2,2,2,0,0,0,0,2,67.6,2000.2,0,0,0.2724901
0,1,0,0,15,1,0,1,2,0,2,2,0,2,0,1,3,96.3,1426.75,1,1,0.68141484
0,0,1,1,15,1,0,2,1,1,1,1,1,1,0,0,3,20.05,284.3,0,0,0.09456935
1,1,0,0,57,1,2,1,0,2,0,2,2,2,0,1,0,104.9,5913.95,0,0,0.49253696
1,0,1,1,72,1,2,1,0,2,2,2,0,0,2,0,0,90.45,6565.85,0,0,0.0048202793
1,0,1,1,13,1,0,1,0,0,2,0,2,2,0,0,2,97.0,1334.45,0,1,0.6777054
0,0,0,0,60,1,0,2,1,1,1,1,1,1,2,0,3,20.6,1093.0,0,0,0.011109507
1,0,0,0,22,1,2,0,2,2,2,0,0,0,0,0,3,65.05,1427.55,0,0,0.18462527
1,0,0,0,34,1,2,1,0,2,0,2,2,2,0,1,2,105.35,3540.65,0,0,0.21319483
0,0,0,0,7,1,0,1,0,0,0,0,2,0,0,1,2,79.7,586.05,1,1,0.57218194
0,0,1,1,20,1,0,2,1,1,1,1,1,1,0,0,2,20.0,417.65,0,0,0.048527874
0,0,1,1,52,1,0,1,0,2,2,2,0,0,0,0,0,85.8,4433.3,0,0,0.03819831
1,0,0,0,24,1,2,1,0,2,0,0,2,2,0,1,0,99.65,2404.85,0,0,0.40523908
0,1,0,0,4,1,2,0,0,0,0,0,0,0,0,0,3,48.75,179.85,0,1,0.7741932
1,1,1,0,57,1,2,0,0,2,2,0,2,0,1,1,1,71.1,4140.1,0,0,0.014977642
1,0,1,1,66,1,0,0,2,2,2,2,0,0,2,0,3,65.85,4097.05,0,0,0.0019044382
0,0,0,0,11,1,0,0,0,0,0,0,2,2,0,1,2,64.9,716.1,0,0,0.43750083
0,0,1,1,57,1,2,0,2,0,2,2,2,2,2,1,2,84.5,4845.4,0,0,0.0028016435
0,0,1,1,40,1,2,1,0,0,2,2,0,0,0,1,2,84.85,3303.05,1,1,0.844879
0,1,0,0,57,0,1,0,0,2,2,0,2,2,0,1,2,55.0,3094.05,0,0,0.47728524
0,0,0,0,2,1,2,1,0,0,0,0,2,2,0,1,2,95.15,196.9,1,1,0.96278447
1,0,1,1,70,1,2,0,2,2,2,2,0,2,1,0,0,78.35,5445.95,0,0,0.3407333
1,1,1,0,7,1,0,1,0,0,0,0,2,2,0,1,2,89.5,676.7,1,0,0.33965936
1,0,0,0,17,1,0,2,1,1,1,1,1,1,0,0,1,21.1,385.55,0,0,0.112490244
0,1,0,1,33,1,2,1,0,2,2,0,2,2,0,1,0,105.35,3465.05,0,1,0.7116755
0,1,0,0,18,1,0,1,0,2,0,0,0,0,0,1,2,73.55,1359.45,0,0,0.22694446
0,0,1,1,63,1,0,0,2,2,2,2,0,0,2,0,3,63.55,4014.2,0,0,0.0075235125
0,0,0,0,20,1,0,2,1,1,1,1,1,1,0,1,1,18.9,347.65,0,0,0.1155006
0,0,0,0,70,1,2,0,2,2,2,0,2,2,2,0,3,84.7,5991.05,0,0,0.0020910813
0,1,1,0,53,1,2,1,0,0,0,0,2,2,1,1,1,95.85,5016.25,0,1,0.6770857
0,0,1,0,24,1,0,2,1,1,1,1,1,1,1,0,3,20.15,456.85,0,0,0.0017626724
0,0,1,1,56,1,2,1,0,2,2,2,0,2,1,1,1,99.75,5608.4,0,0,0.03265795
0,0,1,0,39,1,0,1,2,0,2,2,2,2,1,1,1,104.7,4134.85,1,0,0.13883255
0,1,1,0,17,1,2,1,0,0,0,0,2,2,0,1,2,92.55,1614.7,0,1,0.6673985
1,0,1,0,15,1,0,1,0,0,0,0,0,0,0,1,0,68.6,1108.6,0,1,0.55654883
1,1,1,1,38,1,2,1,0,2,0,0,2,2,0,0,2,101.15,3741.85,0,1,0.6258715
0,0,0,0,13,0,1,0,0,0,2,0,2,2,0,0,2,49.15,649.4,0,0,0.4333671
1,0,1,1,44,1,0,2,1,1,1,1,1,1,1,0,0,20.6,926.0,0,0,0.0044280943
1,1,1,0,46,1,0,1,0,0,0,0,0,2,0,1,2,80.4,3605.2,1,0,0.37872764
0,0,1,0,56,1,0,1,0,0,2,2,2,2,0,1,2,98.7,5669.5,0,0,0.1147578
1,1,0,0,2,1,0,0,0,0,0,0,0,0,0,1,2,44.15,92.65,1,0,0.48419464
1,0,0,0,6,1,0,2,1,1,1,1,1,1,0,0,3,18.95,110.15,0,0,0.02419233
0,1,1,1,48,0,1,0,0,2,0,0,0,0,1,0,0,29.9,1388.75,0,0,0.068776205
0,0,1,1,68,1,2,0,2,2,2,2,0,2,1,1,2,78.45,5333.35,0,0,0.37473035
1,0,0,0,31,1,2,1,0,2,0,0,0,0,0,1,2,80.45,2429.1,0,1,0.5242647
1,0,0,0,12,1,2,1,0,2,2,2,2,2,0,1,3,112.95,1384.75,1,0,0.16563688
0,0,0,0,1,1,0,1,0,0,0,0,0,0,0,1,2,70.1,70.1,1,1,0.6618297
0,1,1,0,72,1,2,0,2,2,2,2,2,2,2,0,1,89.1,6352.4,0,0,0.00063151424
1,1,0,0,5,1,0,2,1,1,1,1,1,1,0,0,0,20.05,94.15,0,0,0.2165444
0,0,0,0,3,1,0,0,0,2,0,2,2,2,0,1,2,75.3,244.1,0,0,0.21334423
1,0,1,0,63,1,2,1,0,2,2,0,2,2,0,1,2,102.4,6444.05,0,0,0.4282654
0,0,0,0,67,1,0,0,2,0,2,2,0,2,1,1,0,72.35,4991.5,0,0,0.031455252
1,0,1,0,66,1,2,0,2,2,2,0,0,0,2,1,1,66.1,4428.45,0,0,0.0030489608
1,0,0,0,23,1,0,2,1,1,1,1,1,1,0,0,2,20.85,473.9,0,0,0.012096072
0,0,1,1,8,1,0,2,1,1,1,1,1,1,0,0,1,21.05,139.75,0,0,0.35268772
0,0,1,0,64,1,0,2,1,1,1,1,1,1,2,0,1,19.45,1208.6,0,0,0.0020397652
0,0,1,0,16,0,1,0,0,0,0,2,2,2,0,1,2,49.95,810.2,1,0,0.43636644
0,1,0,0,17,1,2,1,0,0,0,0,2,2,0,1,2,94.2,1608.15,0,1,0.8450702
0,0,0,0,1,1,0,2,1,1,1,1,1,1,0,0,3,19.65,19.65,1,0,0.13527049
1,0,1,0,72,1,2,1,2,2,0,2,0,2,2,1,0,100.55,7325.1,0,0,0.0032721784
0,0,0,0,15,1,2,1,0,2,0,0,2,2,0,1,2,100.15,1415.0,0,1,0.8921298
0,0,0,0,60,1,2,0,0,0,2,2,2,2,1,0,1,80.55,4847.05,0,0,0.008787462
0,0,0,0,15,1,2,0,2,0,0,0,0,0,0,1,3,55.7,899.8,1,0,0.20871271
0,0,0,0,1,1,2,1,0,0,0,0,2,2,0,0,3,95.65,95.65,1,1,0.86911035
0,0,0,1,8,0,1,0,2,0,0,0,0,2,0,1,2,38.5,330.8,0,0,0.3518107
0,0,1,0,63,1,2,0,2,2,0,0,2,2,1,1,1,79.7,4786.15,0,0,0.050478756
1,0,0,0,1,1,0,0,0,0,0,0,0,0,0,1,2,44.8,44.8,0,1,0.5159221
1,0,0,0,1,1,0,0,2,0,0,0,0,0,0,1,3,48.55,48.55,1,0,0.20005196
0,0,0,1,1,1,0,0,2,0,0,2,0,0,0,0,2,54.5,54.5,0,1,0.5245221
0,1,1,0,56,1,2,1,2,2,2,2,0,0,1,0,2,95.65,5471.75,0,0,0.11946223
1,0,1,0,35,1,0,0,2,2,2,0,0,0,0,0,3,61.0,2130.45,0,0,0.056411605
1,0,1,0,22,1,0,1,0,0,2,0,2,0,0,1,0,87.0,1850.65,0,0,0.28024498
1,0,0,0,1,1,0,2,1,1,1,1,1,1,0,1,3,19.5,19.5,0,1,0.5464707
1,0,0,0,50,1,0,1,2,2,0,2,0,2,0,1,1,93.5,4747.5,0,0,0.031410366
1,0,1,0,41,1,2,1,0,2,0,0,0,0,0,1,2,80.25,3439.0,0,1,0.83030385
1,0,1,1,39,1,2,1,0,0,2,0,2,2,1,0,2,100.0,3835.55,0,0,0.114705525
1,0,0,0,1,1,0,0,2,0,0,2,0,0,0,1,2,53.95,53.95,1,0,0.41323698
0,0,1,1,8,1,0,0,0,2,0,2,0,0,0,0,0,56.3,401.5,0,0,0.4022773
1,0,0,0,20,1,0,1,0,0,0,0,2,0,0,0,2,78.8,1641.3,0,0,0.37894416
1,1,1,0,51,1,2,1,2,0,2,0,2,0,0,1,0,93.8,4750.95,1,0,0.3252727
1,1,0,0,1,1,0,1,0,0,0,2,0,0,0,0,2,74.7,74.7,0,1,0.57604885
1,1,1,0,72,1,0,1,2,2,0,2,0,0,2,1,1,84.8,6141.65,0,0,0.00018661859
1,1,1,0,24,1,0,1,0,0,2,0,2,2,0,1,2,93.15,2231.05,1,0,0.23286088
0,0,0,0,56,1,0,2,1,1,1,1,1,1,2,0,0,19.7,1051.9,0,0,0.13025409
0,0,0,0,53,1,0,1,2,2,2,2,0,2,2,0,3,99.5,5424.25,0,0,0.008433691
1,0,1,1,47,1,2,0,0,2,0,0,0,0,0,0,2,54.25,2538.2,0,0,0.26050675
0,0,1,1,72,1,2,1,0,2,2,2,2,2,2,1,0,109.2,7711.45,0,0,0.015205948
1,0,1,1,11,1,2,1,0,0,0,0,0,0,0,1,2,74.35,834.2,1,1,0.75374484
0,1,1,0,60,1,2,1,2,2,2,2,2,2,2,1,0,116.05,6925.9,0,0,0.012122232
1,1,0,0,19,1,2,1,0,2,0,0,2,0,0,1,2,88.2,1775.8,1,1,0.8152961
1,0,0,1,1,1,0,2,1,1,1,1,1,1,0,1,3,21.05,21.05,0,1,0.53513503
0,0,0,0,32,1,2,0,0,2,0,0,0,0,0,1,2,54.2,1739.6,0,0,0.07945157
1,0,1,1,8,1,0,2,1,1,1,1,1,1,0,0,1,19.65,169.75,0,0,0.05589353
1,0,0,0,5,1,0,0,0,0,2,2,2,2,0,0,0,75.15,392.65,0,0,0.07155017
0,0,0,0,36,1,0,2,1,1,1,1,1,1,1,1,0,19.25,679.8,0,0,0.009998762
1,0,0,0,23,1,2,1,0,0,0,2,2,0,0,1,2,90.6,1943.2,1,1,0.52671856
1,0,0,0,5,1,0,1,0,0,0,0,0,0,0,1,2,69.75,324.6,1,1,0.80365723
0,0,1,1,38,1,0,2,1,1,1,1,1,1,2,1,3,20.2,746.05,0,0,0.00024083408
1,0,0,0,1,1,2,1,0,0,0,0,0,0,0,1,2,75.3,75.3,1,1,0.895008
1,0,0,0,42,1,2,1,0,0,2,0,0,0,0,0,2,79.9,3313.4,0,1,0.712107
1,1,0,0,70,0,1,0,0,0,0,0,2,2,1,1,2,45.25,3264.45,1,0,0.046366774
1,0,0,0,2,1,0,2,1,1,1,1,1,1,0,0,3,19.35,46.35,0,0,0.19772519
0,1,0,0,1,1,0,1,0,0,0,0,0,0,0,1,2,69.6,69.6,1,1,0.9611155
0,0,1,1,2,0,1,0,0,0,0,2,0,0,0,0,0,29.05,44.75,0,1,0.6253553
1,0,0,0,2,1,2,1,0,0,0,0,0,0,0,1,2,76.5,162.45,1,1,0.82446384
0,0,0,0,41,1,2,1,0,0,2,0,2,2,0,0,0,98.05,3990.6,0,0,0.43948433
1,0,0,0,1,1,0,0,2,0,0,0,0,0,0,0,3,51.25,51.25,0,0,0.4447768
1,0,1,1,70,1,2,0,2,2,2,2,2,2,2,1,1,90.15,6237.05,0,0,0.0025738764
1,0,1,0,31,1,2,0,0,0,0,0,2,0,0,1,1,59.05,1882.8,0,0,0.08499855
0,0,0,0,18,1,0,1,0,0,0,0,0,0,0,1,2,69.8,1221.65,0,0,0.36523184
0,0,0,0,1,0,1,0,0,0,0,2,0,0,0,0,3,30.55,30.55,0,1,0.5101953
0,0,1,1,14,1,0,2,1,1,1,1,1,1,2,0,3,18.8,255.55,0,0,0.0054149223
1,0,1,0,72,1,0,0,2,2,0,2,2,2,2,1,0,79.35,5753.25,0,0,0.00027319373
0,0,0,0,58,1,2,2,1,1,1,1,1,1,2,1,1,24.7,1519.0,0,0,0.006435245
0,0,0,0,34,1,2,0,2,2,0,2,0,0,1,1,3,64.4,2088.75,1,0,0.012256609
0,0,1,0,2,1,0,2,1,1,1,1,1,1,0,0,0,19.85,52.0,0,0,0.46420768
0,0,1,1,14,1,2,1,0,0,0,0,2,0,0,1,2,84.8,1203.9,0,1,0.7321177
0,0,1,1,61,1,2,0,2,2,2,2,2,2,2,0,3,88.1,5526.75,0,0,0.0019303361
0,0,1,0,38,1,2,1,0,0,2,2,2,2,0,1,2,105.0,4026.4,1,1,0.6822208
0,0,1,1,58,1,2,1,2,2,0,0,0,2,0,1,0,93.4,5435.6,1,0,0.03642891
1,0,0,0,2,1,0,0,0,0,0,2,2,2,0,0,2,70.3,132.4,0,0,0.10179984
1,0,0,1,1,1,0,2,1,1,1,1,1,1,0,0,3,20.05,20.05,0,0,0.16741182
0,0,0,0,39,1,0,1,0,0,2,2,0,0,2,1,2,80.45,3201.55,1,0,0.056147266
1,0,0,0,68,1,2,0,2,2,2,0,0,2,1,1,1,76.9,5023.0,0,0,0.10165954
0,0,1,1,31,1,0,2,1,1,1,1,1,1,2,0,3,21.0,697.7,0,0,0.0020897456
0,0,1,1,55,1,0,1,0,0,0,0,0,0,2,1,1,69.05,3842.6,0,0,0.00566531
0,0,1,1,14,1,2,1,0,2,0,0,0,2,0,1,0,90.9,1259.0,1,0,0.37083104
0,1,0,0,55,1,2,1,0,0,2,0,2,2,1,1,2,100.0,5509.3,1,0,0.28726688
1,0,0,0,25,1,0,1,2,0,2,2,2,2,0,1,2,105.5,2686.05,0,0,0.46496868
1,0,1,1,72,1,2,0,2,2,2,2,2,2,2,0,1,89.7,6339.3,0,0,0.00040702487
1,1,1,0,6,1,2,1,0,0,2,0,0,0,0,1,2,80.8,457.1,0,1,0.8862677
0,1,1,0,45,1,0,1,0,0,2,0,0,2,0,1,2,86.1,3861.45,0,1,0.59403545
1,0,1,1,56,1,0,0,2,2,2,0,0,0,2,1,0,59.8,3457.45,0,0,0.041219134
0,0,0,0,13,0,1,0,0,0,0,0,0,2,0,1,2,35.1,446.1,1,0,0.39632016
0,0,1,0,28,1,2,1,0,0,2,2,2,2,0,1,2,104.8,3046.05,1,1,0.87988156
0,0,1,0,7,1,0,0,0,0,0,0,0,0,0,1,3,44.25,313.45,0,0,0.11308206
0,1,0,0,18,1,2,1,0,2,0,2,2,2,0,1,1,103.6,1806.35,0,0,0.18632376
1,0,0,0,46,1,2,1,0,2,2,0,2,0,1,1,1,94.9,4422.95,0,0,0.049391743
0,0,1,0,64,1,2,2,1,1,1,1,1,1,2,0,1,25.0,1584.8,0,0,0.004773944
0,0,0,0,4,1,0,0,0,0,0,0,0,0,0,1,3,46.0,193.6,1,0,0.43172774
0,0,1,0,71,0,1,0,2,2,2,2,0,0,2,1,0,47.6,3377.8,0,0,0.0052472027
0,0,1,1,38,1,0,2,1,1,1,1,1,1,0,0,3,20.45,781.25,0,0,0.0015726568
1,0,0,1,55,1,0,2,1,1,1,1,1,1,1,0,0,19.1,1001.5,0,0,0.044290323
0,1,0,0,1,1,0,1,0,0,2,0,0,2,0,1,2,85.0,85.0,1,1,0.92982626
0,0,0,0,11,1,0,1,0,2,2,2,0,2,0,1,2,94.2,999.9,0,1,0.6002105
1,0,1,0,63,1,2,1,0,2,2,0,2,2,0,1,2,103.4,6603.0,1,0,0.3470193
0,1,1,0,66,1,2,0,0,2,2,0,2,2,2,1,0,80.55,5265.1,1,0,0.025827859
1,1,0,0,22,1,2,1,0,0,0,0,2,2,0,1,2,96.7,2082.95,1,1,0.70118487
0,0,0,0,5,1,2,1,0,0,0,0,2,0,0,1,2,84.0,424.75,0,1,0.8053676
0,1,0,0,18,1,0,0,0,2,0,0,0,0,0,1,1,49.85,865.75,0,0,0.42799178
0,0,0,0,20,1,0,2,1,1,1,1,1,1,2,0,3,19.7,406.95,0,0,0.0003097727
0,1,1,0,18,1,2,1,0,0,0,2,2,2,0,0,0,99.75,1836.25,1,1,0.88016427
1,0,1,1,65,1,2,1,2,0,2,2,2,2,2,0,0,108.65,6937.95,1,0,0.061632562
1,0,1,1,69,1,2,0,2,0,2,2,2,2,2,0,0,86.9,6194.1,0,0,0.014496269
0,0,1,0,52,1,0,0,2,0,2,0,2,0,1,1,3,64.3,3410.6,0,0,0.010331828
1,0,0,0,2,1,0,1,0,0,0,0,0,2,0,1,2,80.2,181.1,1,1,0.83551925
0,1,1,1,48,1,0,1,2,0,2,2,2,2,0,1,2,104.5,5068.05,0,0,0.1195831
0,0,1,0,42,1,2,1,0,0,2,2,0,0,0,1,2,84.3,3588.4,1,1,0.5766505
1,1,1,0,23,1,2,1,0,2,2,0,2,2,0,1,2,104.45,2184.85,0,1,0.8719919
1,0,1,0,72,1,2,1,0,2,2,0,2,2,2,1,0,103.75,7346.2,0,0,0.17533424
1,0,1,1,24,1,2,2,1,1,1,1,1,1,2,1,0,24.1,587.4,0,0,0.004433561
0,0,0,1,7,0,1,0,2,0,0,0,0,0,0,0,3,29.8,201.95,0,0,0.082201295
0,0,0,0,66,1,2,1,0,0,2,0,2,0,1,1,0,92.15,6056.9,0,0,0.012356073
1,0,0,0,67,1,2,1,2,2,2,2,2,2,1,1,0,118.35,7804.15,1,0,0.0747705
1,0,1,0,47,1,2,1,0,2,2,0,2,2,0,1,2,104.1,5135.15,0,1,0.8668736
0,1,1,0,47,1,2,1,0,0,2,0,2,2,0,0,2,99.7,4747.2,0,1,0.7624483
1,0,0,0,2,1,0,0,2,0,2,0,0,0,0,0,2,53.45,119.5,0,1,0.52907175
0,0,1,1,12,1,2,2,1,1,1,1,1,1,2,0,1,25.25,274.7,0,0,0.0046699164
1,0,0,0,3,1,0,1,0,0,0,0,0,0,0,1,3,70.3,220.4,0,0,0.37771347
1,1,1,0,69,1,2,1,0,2,2,0,0,2,0,1,0,95.35,6382.0,0,0,0.26604337
1,0,0,0,1,1,0,1,0,0,0,0,2,0,0,1,2,79.05,79.05,1,1,0.95482343
1,0,1,1,8,1,0,0,0,0,0,0,0,0,1,1,3,43.45,345.5,0,0,0.19458209
1,0,0,0,3,1,2,1,0,2,2,0,2,2,0,1,0,105.35,323.25,1,1,0.9657497
0,0,1,1,30,0,1,0,0,0,0,2,2,2,0,0,1,51.2,1561.5,1,0,0.040374912
1,0,0,0,29,1,0,0,0,0,2,2,2,2,1,1,0,75.35,2243.9,0,0,0.016615914
0,0,0,0,40,1,0,2,1,1,1,1,1,1,2,1,0,20.6,827.3,0,0,0.0007180247
1,0,1,0,72,1,2,0,2,0,2,2,2,2,2,0,1,86.65,6094.25,0,0,0.0007435119
1,0,1,0,48,1,2,1,2,2,2,0,2,2,0,1,0,111.45,5315.1,0,1,0.72293377
1,1,0,0,47,1,0,1,2,0,0,0,0,2,0,0,3,85.5,4042.3,1,0,0.12924586
0,1,0,0,4,1,0,2,1,1,1,1,1,1,0,0,3,20.05,91.45,0,0,0.1403706
1,0,1,1,72,1,2,1,2,2,2,2,2,2,2,1,1,114.05,8289.2,0,0,0.012108294
1,0,0,0,1,1,0,2,1,1,1,1,1,1,0,1,1,19.75,19.75,0,0,0.10963933
1,0,0,1,52,1,2,2,1,1,1,1,1,1,2,0,1,25.6,1334.5,0,0,0.012987135
1,0,1,0,5,0,1,0,0,0,0,0,0,0,0,1,2,24.95,100.4,1,0,0.31142476
1,0,1,1,22,1,0,2,1,1,1,1,1,1,1,0,0,20.25,488.25,0,0,0.015831767
0,0,1,1,18,1,0,0,2,2,0,2,0,0,1,1,3,61.5,1087.45,0,0,0.02741444
0,0,1,1,54,1,2,2,1,1,1,1,1,1,1,1,0,24.75,1342.15,0,0,0.002841079
1,0,0,0,25,1,0,2,1,1,1,1,1,1,0,0,3,20.6,541.5,0,0,0.004215086
0,0,0,0,38,1,0,2,1,1,1,1,1,1,2,0,3,20.3,743.05,0,0,0.00035728302
0,0,1,0,2,1,0,1,0,0,0,0,0,0,0,1,2,70.7,141.45,1,1,0.66415715
0,0,0,0,2,1,2,0,0,0,0,2,0,0,0,1,3,54.35,117.05,0,1,0.5686538
0,0,0,0,7,1,0,0,0,0,0,2,2,2,0,1,1,70.75,450.8,1,0,0.18082468
1,0,0,0,4,1,0,0,0,0,0,0,2,0,0,1,2,56.4,234.85,0,0,0.22748247
0,0,1,1,3,0,1,0,2,0,0,0,0,0,0,0,1,29.7,91.7,1,0,0.14904532
1,0,1,0,53,1,0,2,1,1,1,1,1,1,2,0,1,19.9,1110.05,0,0,0.0070676254
0,0,0,0,17,1,0,2,1,1,1,1,1,1,1,0,1,20.05,337.9,0,0,0.018313171
0,0,0,0,70,0,1,0,2,2,2,2,0,0,2,1,0,44.6,3058.15,0,0,0.0053635505
1,0,0,0,25,1,2,1,0,0,0,0,2,2,0,1,0,94.7,2362.1,1,0,0.40685353
1,0,0,0,1,1,0,2,1,1,1,1,1,1,0,0,3,20.3,20.3,0,0,0.23770134
0,0,0,0,1,1,0,0,2,0,0,0,0,0,0,0,0,49.55,49.55,0,0,0.1633771
0,1,0,0,24,1,0,2,1,1,1,1,1,1,0,1,3,20.3,459.95,0,0,0.010172836
1,1,0,0,3,1,2,1,0,0,2,0,2,0,0,0,2,91.05,289.1,1,1,0.72183573
1,0,1,1,48,1,2,2,1,1,1,1,1,1,2,0,3,23.55,1173.35,0,0,0.00700484
0,0,0,0,66,0,1,0,2,2,2,2,2,2,2,1,0,62.5,4136.4,0,0,0.00025739905
1,0,1,1,19,1,2,1,0,0,0,2,2,2,1,1,2,100.95,1875.55,1,0,0.32400957
0,0,0,0,1,1,0,0,0,0,2,0,0,0,0,1,3,50.45,50.45,1,1,0.82838297
0,0,1,1,72,1,2,2,1,1,1,1,1,1,2,0,0,25.2,1787.35,0,0,0.0005883107
1,0,0,0,10,1,0,2,1,1,1,1,1,1,0,1,3,19.85,193.05,0,0,0.15661214
1,0,1,1,54,1,2,0,2,2,0,2,0,0,2,1,1,65.65,3566.7,0,0,0.0021558292
0,0,1,0,71,1,2,2,1,1,1,1,1,1,2,0,0,24.75,1836.9,0,0,0.00030156766
1,0,1,1,27,1,2,1,0,0,0,0,0,0,0,1,0,75.75,1929.0,0,0,0.4014285
0,0,1,0,57,1,0,2,1,1,1,1,1,1,2,1,0,19.6,1134.25,0,0,0.070819795
0,0,1,1,10,1,2,0,2,2,0,0,2,0,1,0,2,70.3,676.15,0,0,0.17134923
0,1,0,0,2,1,0,1,0,0,0,0,2,0,0,0,3,81.5,162.55,0,1,0.8963717
0,0,0,0,34,1,0,0,2,0,2,2,2,2,1,1,0,79.95,2727.3,0,0,0.04054439
1,1,1,0,19,0,1,0,0,2,2,0,0,0,0,1,1,34.3,577.15,0,0,0.41471258
0,0,0,0,17,1,0,1,0,0,0,0,0,0,0,1,2,70.0,1144.5,1,1,0.66838485
1,0,0,0,66,0,1,0,0,0,0,2,0,0,1,0,1,29.45,1983.15,0,0,0.0023895577
0,0,0,0,31,1,2,1,0,0,0,2,0,0,0,1,1,79.85,2404.15,1,0,0.29843745
0,0,0,0,56,0,1,0,2,2,2,2,0,0,2,0,0,45.05,2560.1,0,0,0.03341209
1,0,0,1,49,1,2,1,0,0,0,2,2,2,1,1,0,100.6,5069.65,1,0,0.24968256
1,0,0,1,27,1,0,0,2,2,0,0,0,0,1,0,3,56.2,1567.55,0,0,0.019274585
0,0,0,0,45,1,2,0,2,0,0,2,0,2,2,0,3,73.55,3349.1,0,0,0.018538794
1,0,0,0,1,0,1,0,0,0,0,0,0,0,0,0,3,25.35,25.35,0,0,0.44236293
0,0,0,0,3,1,0,2,1,1,1,1,1,1,0,0,3,19.85,57.2,0,0,0.37350452
1,0,0,0,35,1,0,0,2,2,2,0,0,0,1,0,3,61.2,2021.2,0,0,0.025121778
0,1,0,0,5,1,0,1,0,0,0,0,0,2,0,0,2,78.95,378.4,1,1,0.5794073
1,0,0,0,54,1,2,1,0,2,0,0,0,0,0,1,0,79.85,4308.25,0,0,0.08478109
0,0,0,0,13,1,0,2,1,1,1,1,1,1,1,0,2,19.65,244.8,0,0,0.01802224
1,1,0,0,3,1,2,1,0,0,0,0,2,2,0,1,2,94.85,335.75,0,1,0.95506877
0,0,1,0,9,1,0,1,0,0,2,0,0,0,0,1,0,75.75,655.9,1,0,0.49558377
0,0,0,0,24,1,0,0,2,0,0,2,0,0,0,0,1,56.35,1381.2,0,0,0.08660655
1,0,0,0,9,1,0,0,2,0,2,2,0,2,0,1,0,68.25,576.95,0,0,0.017374475
0,0,1,1,70,1,2,0,2,0,0,0,0,2,1,0,0,65.2,4543.15,0,0,0.1121792
0,0,1,0,72,1,2,1,0,2,2,2,2,2,2,1,0,110.45,7982.5,0,0,0.003925765
1,0,1,1,45,1,2,1,0,2,2,2,2,2,2,1,0,109.75,4900.65,0,0,0.3339893
0,0,0,0,39,0,1,0,2,2,0,2,0,0,1,1,0,40.3,1630.4,0,0,0.012190401
1,0,1,0,51,1,2,1,2,2,0,0,0,2,1,1,1,96.4,4911.05,0,0,0.086355716
1,0,0,0,1,1,0,2,1,1,1,1,1,1,0,1,3,20.1,20.1,1,1,0.8040766
0,0,0,0,29,0,1,0,0,0,0,0,0,0,0,1,1,25.1,712.85,1,0,0.105891794
1,0,0,0,22,1,2,2,1,1,1,1,1,1,0,1,1,24.85,493.4,0,0,0.06358119
0,1,0,0,20,1,2,1,0,0,0,0,0,2,0,1,1,85.8,1727.5,1,0,0.45556965
1,0,0,0,8,0,1,0,2,0,0,0,0,0,0,0,3,29.35,216.45,0,0,0.19823292
0,0,1,0,15,1,0,1,0,0,2,0,2,0,0,1,2,84.3,1308.4,1,1,0.69841725
1,0,0,0,1,1,0,0,2,0,0,0,0,0,0,1,3,50.75,50.75,0,0,0.42663532
0,0,1,1,54,1,2,0,2,0,0,2,0,0,2,0,0,60.0,3273.95,0,0,0.030366285
0,0,1,1,18,1,0,2,1,1,1,1,1,1,2,0,3,19.35,309.25,0,0,0.0036145293
1,1,1,0,18,1,0,0,2,0,0,0,0,2,0,1,1,59.1,1011.05,0,0,0.2967288
1,0,1,1,72,0,1,0,2,2,2,2,0,0,2,0,1,45.25,3139.8,0,0,0.0016310434
0,0,1,1,33,1,2,2,1,1,1,1,1,1,2,1,3,24.5,740.3,1,0,0.00082923076
0,0,0,0,7,1,0,1,0,0,0,0,0,0,0,1,0,69.85,515.45,0,1,0.51649386
1,0,1,0,44,0,1,0,0,2,2,0,2,2,2,0,0,54.3,2390.45,0,0,0.058466874
0,0,0,0,2,1,2,1,0,0,0,0,0,0,0,0,1,74.9,147.15,1,1,0.73997897
1,0,0,0,58,1,2,1,0,0,0,2,0,0,0,0,0,80.65,4807.35,0,0,0.052129194
1,0,1,0,2,1,0,1,0,0,0,2,2,2,0,1,2,94.2,167.5,1,1,0.85632133
0,0,0,0,17,1,0,2,1,1,1,1,1,1,0,0,1,19.7,340.35,0,0,0.20503864
0,0,0,0,36,1,2,1,0,2,2,0,2,2,1,1,0,104.8,3886.45,0,0,0.28746894
0,1,1,0,71,1,0,1,0,2,2,0,0,2,2,0,1,89.45,6435.25,0,0,0.0049338425
1,1,0,0,67,1,2,1,0,0,0,0,0,0,0,1,3,75.7,5060.85,0,0,0.43697986
1,0,1,0,17,0,1,0,0,2,0,0,2,2,0,1,3,49.8,836.35,0,1,0.5821651
0,0,1,1,67,1,2,1,0,2,2,2,2,2,1,1,1,112.35,7388.45,0,0,0.036854967
1,0,0,0,65,1,2,1,0,2,2,0,2,2,2,0,1,105.1,6631.85,0,0,0.029636372
1,0,1,1,1,1,0,1,0,0,0,0,0,0,0,1,2,68.5,68.5,1,1,0.9556668
0,0,1,0,7,1,0,1,0,0,0,0,2,0,0,1,2,81.1,576.65,1,1,0.70529354
0,0,1,1,11,1,0,2,1,1,1,1,1,1,1,1,3,20.0,196.35,0,0,0.020357825
0,0,1,0,69,1,2,1,2,2,2,2,2,2,2,1,2,116.0,8182.85,0,0,0.07105565
0,0,1,0,70,1,0,2,1,1,1,1,1,1,2,0,0,19.45,1303.5,0,0,0.0011126582
0,0,1,1,72,0,1,0,2,2,2,2,2,2,2,0,0,64.45,4528.0,0,0,0.0029379057
0,0,0,0,7,1,2,1,0,0,0,0,0,0,0,1,2,73.85,511.25,1,1,0.6540486
1,0,0,1,3,1,0,1,0,0,0,0,0,0,0,0,2,69.65,220.1,1,0,0.36681896
1,0,1,0,72,1,2,0,0,2,2,2,2,2,2,0,0,85.95,6151.9,0,0,0.00045489293
0,0,0,0,16,1,0,1,0,2,2,0,0,2,0,1,1,93.2,1573.7,1,0,0.22728541
0,0,0,0,38,1,0,2,1,1,1,1,1,1,2,0,3,20.05,741.5,0,0,0.0007407519
0,0,0,0,1,1,0,1,0,0,0,0,0,0,0,1,2,70.85,70.85,1,1,0.8059325
1,0,0,0,1,1,0,0,0,0,0,0,0,0,0,1,2,42.9,42.9,1,1,0.6140126
0,0,1,0,42,0,1,0,0,2,0,2,0,0,1,0,3,33.55,1445.3,1,0,0.028654754
0,1,0,0,3,1,0,1,0,0,2,0,0,0,0,0,3,75.05,202.9,0,1,0.5795222
1,0,0,0,35,1,2,1,2,0,2,2,2,2,2,1,2,108.95,4025.5,0,0,0.0189223
1,0,1,1,72,1,2,1,2,2,2,2,2,2,2,1,1,114.3,8058.55,0,0,0.0031231914
0,0,1,0,64,1,2,2,1,1,1,1,1,1,2,0,3,25.55,1714.95,0,0,0.002633518
1,0,0,0,1,1,0,0,0,0,0,0,0,0,0,0,2,45.75,45.75,1,1,0.7555886
0,0,1,0,12,1,0,0,2,0,0,2,0,0,0,0,0,54.2,690.5,0,0,0.3146355
1,1,1,0,10,1,2,1,0,0,2,0,0,2,0,1,2,89.8,914.3,1,1,0.881547
0,0,0,0,15,1,0,2,1,1,1,1,1,1,0,0,0,19.75,297.3,1,0,0.18448384
0,1,1,0,29,0,1,0,2,0,2,0,0,2,0,1,2,45.0,1228.65,0,1,0.7042365
1,0,1,1,63,1,0,1,0,2,2,0,0,0,0,1,1,80.3,4896.35,0,0,0.014312194
0,0,1,1,36,1,2,1,2,0,2,0,2,2,0,1,1,104.5,3684.95,0,0,0.35510817
0,0,1,0,55,1,2,1,0,2,2,0,2,0,0,1,1,94.45,5073.1,0,0,0.15715104
1,0,1,1,72,1,2,1,2,2,2,2,2,0,2,1,1,106.1,7548.6,0,0,0.005241648
0,0,0,0,5,1,2,0,0,2,0,0,0,2,0,1,2,64.0,370.25,0,0,0.42315203
1,0,0,0,16,1,0,1,0,0,0,2,0,0,0,1,1,74.55,1170.5,0,0,0.32713136
0,0,0,0,49,1,2,1,0,0,0,0,0,2,0,1,2,84.5,3906.7,0,1,0.7694393
1,0,1,0,66,1,2,0,2,2,2,2,2,2,2,0,0,91.7,6075.9,0,0,0.0047904565
0,0,1,1,72,1,2,0,2,2,2,2,2,2,2,0,1,90.95,6652.45,0,0,0.00032484348
1,0,0,0,5,0,1,0,2,0,2,2,0,0,0,0,3,40.0,223.45,1,0,0.1061776
0,0,1,1,71,1,0,0,2,2,2,2,2,2,2,0,1,87.25,6328.7,0,0,0.0002346118
1,0,1,0,30,1,2,0,0,0,0,0,0,0,0,0,2,49.9,1441.95,0,0,0.08912632
1,0,1,1,18,1,0,0,2,0,2,2,2,2,0,0,2,83.25,1611.15,0,0,0.3138447
1,1,0,0,4,1,0,1,0,0,2,0,2,2,0,1,2,94.75,422.4,0,1,0.86852545
0,0,1,1,67,1,2,1,2,0,0,2,2,2,2,0,1,106.7,7009.5,0,0,0.16627379
1,1,1,0,69,1,2,1,2,2,0,0,0,0,0,1,1,84.9,5785.65,0,0,0.027983049
1,0,1,0,39,1,0,2,1,1,1,1,1,1,2,1,0,20.45,790.0,0,0,0.0006565058
1,1,1,0,52,1,2,1,0,2,2,0,2,2,1,1,0,105.1,5376.4,0,1,0.7038858
1,0,0,1,38,1,2,1,0,0,2,0,2,2,0,1,0,99.25,3777.15,1,0,0.411596
1,0,1,0,71,1,2,1,2,0,2,2,2,2,2,1,1,108.55,7616.0,0,1,0.8268679
1,1,0,0,3,1,2,1,0,2,0,0,0,0,0,1,2,81.35,233.7,1,1,0.7705003
1,0,0,0,9,0,1,0,0,0,0,0,0,0,0,1,2,24.95,190.25,0,0,0.40434906
1,0,0,0,17,1,0,2,1,1,1,1,1,1,1,0,3,19.95,310.6,0,0,0.0027679733
1,0,1,0,35,1,2,1,0,0,0,2,0,2,0,1,0,89.85,3161.2,0,0,0.13194412
0,0,1,1,72,1,2,0,2,0,2,2,2,2,2,1,0,83.3,6042.7,0,0,0.00042110955
1,0,1,0,41,1,0,2,1,1,1,1,1,1,2,1,2,19.75,899.45,0,0,0.0049226717
1,0,0,0,63,1,0,0,2,2,2,2,2,2,2,1,0,86.7,5309.5,0,0,0.0011260407
0,1,1,0,32,1,2,1,0,0,0,0,2,0,0,1,1,85.95,2628.6,1,0,0.38082868
0,0,1,0,13,1,2,1,0,2,2,0,2,0,0,0,2,94.1,1215.6,1,0,0.32824755
0,0,1,1,72,1,2,2,1,1,1,1,1,1,1,1,0,23.3,1623.15,0,0,0.00036600375
0,0,0,0,52,1,2,1,0,2,0,0,0,0,1,1,3,80.2,4297.6,0,0,0.14998217
1,0,0,0,31,1,0,1,0,2,2,0,2,2,0,1,2,101.4,3143.65,0,1,0.77648723
1,0,1,1,72,1,2,2,1,1,1,1,1,1,2,0,0,25.0,1738.9,0,0,0.00028114812
0,0,0,0,29,1,2,1,0,0,2,0,2,2,0,1,1,98.6,2933.2,1,1,0.56446034
0,0,0,0,40,1,2,0,0,0,2,2,2,2,1,1,3,80.75,3208.65,0,0,0.051354185
0,1,1,0,66,1,2,1,0,2,2,0,2,2,1,0,1,104.6,6819.45,0,0,0.26941732
0,0,0,0,1,1,0,1,0,0,2,0,2,2,0,0,2,94.4,94.4,1,1,0.9723989
1,0,0,0,2,1,0,0,0,0,0,0,0,0,0,1,1,46.0,84.5,1,1,0.5899995
1,0,1,0,72,1,2,1,2,2,2,2,2,2,2,0,0,115.15,8349.45,0,0,0.011490674
0,1,0,0,66,1,2,1,2,0,0,0,2,2,2,1,0,102.4,6471.85,0,0,0.10872305
1,0,1,1,50,1,2,0,0,0,2,0,0,0,1,0,0,54.9,2614.1,0,0,0.032301556
0,0,0,0,15,1,0,1,2,2,0,0,2,2,0,1,1,99.1,1426.4,1,1,0.8444788
0,0,1,0,37,1,2,1,0,0,2,0,0,0,0,1,1,78.95,2839.65,1,1,0.5132654
0,0,1,1,13,1,0,1,0,0,0,0,2,2,0,0,2,88.35,1222.8,1,1,0.6280884
0,1,1,0,58,1,2,1,0,2,0,0,2,2,1,1,0,97.8,5458.8,0,1,0.6902501
1,1,0,0,15,1,2,1,0,0,0,0,0,0,0,1,1,74.2,1133.9,1,1,0.57576346
1,0,1,1,18,1,0,2,1,1,1,1,1,1,1,0,0,19.8,342.3,0,0,0.08642927
0,0,1,1,72,1,2,1,2,2,0,0,2,0,2,1,0,95.9,6954.15,0,0,0.00535194
0,0,0,0,31,1,0,1,2,0,2,2,0,0,0,0,2,87.6,2724.25,0,0,0.23693217
1,0,0,0,53,1,0,2,1,1,1,1,1,1,2,0,0,19.65,978.0,0,0,0.100799344
0,0,1,0,26,1,0,0,0,2,2,2,2,2,0,0,0,81.9,2078.55,0,0,0.019634584
1,0,0,0,6,1,0,0,2,0,2,2,2,2,2,1,3,80.25,493.4,0,0,0.0033330854
1,0,1,0,61,1,2,1,0,2,2,2,2,2,0,1,2,114.1,7132.15,0,0,0.06830911
1,0,1,1,9,1,2,1,0,0,2,0,0,0,0,1,0,79.35,661.25,1,1,0.5689714
0,0,1,0,46,1,0,0,0,2,0,0,2,2,0,1,1,69.1,3168.0,0,0,0.30749872
0,0,0,0,62,1,0,0,2,0,0,2,0,2,2,1,3,65.1,3846.75,0,0,0.015807936
0,0,1,1,52,1,2,1,0,2,2,0,2,0,1,1,1,95.7,4976.15,0,0,0.118237495
0,0,0,1,1,1,0,1,0,0,0,0,0,0,0,1,2,69.65,69.65,1,1,0.96673167
0,0,1,1,11,0,1,0,2,0,0,0,0,0,0,1,2,29.6,346.45,0,0,0.14127399
0,0,0,0,72,1,2,1,2,2,2,2,2,2,2,1,0,116.45,8013.55,0,0,0.0011222134
1,1,1,0,32,1,2,1,0,2,2,0,0,2,0,1,2,93.5,2970.8,0,0,0.3293129
0,0,0,0,65,1,0,0,2,2,0,2,0,0,2,1,3,59.6,3739.8,0,0,0.0047375066
0,0,1,1,52,1,0,0,0,0,2,0,0,0,1,1,0,50.95,2610.65,0,0,0.004089827
1,0,0,0,47,1,2,1,2,2,0,2,2,0,0,0,3,100.75,4669.2,0,0,0.17748381
1,0,1,1,55,1,2,1,0,0,2,0,2,0,0,1,1,90.4,5099.15,0,0,0.06687479
1,0,0,1,1,0,1,0,0,0,0,0,0,0,0,0,2,24.75,24.75,1,1,0.55555224
1,0,0,0,2,1,0,1,0,0,0,0,2,0,0,1,2,80.25,144.55,1,1,0.73180836
1,0,1,1,35,1,0,2,1,1,1,1,1,1,2,0,3,19.6,686.95,0,0,0.001391737
0,0,1,1,33,1,0,2,1,1,1,1,1,1,1,0,3,20.1,579.4,0,0,0.001730657
1,0,1,1,15,1,0,1,2,0,0,2,2,2,1,0,2,101.9,1667.25,0,0,0.20126124
0,0,1,0,72,1,2,0,2,2,2,2,2,2,2,1,0,90.95,6468.6,0,0,0.0005692
1,1,0,0,1,1,0,0,0,0,0,0,0,0,0,0,2,44.0,44.0,0,1,0.5687024
0,0,1,1,43,1,0,0,0,0,0,0,2,0,0,0,2,56.15,2499.3,1,0,0.20112333
1,0,0,0,10,1,0,0,0,2,0,0,2,0,0,1,3,59.65,638.95,0,0,0.14068998
1,0,0,0,5,1,0,2,1,1,1,1,1,1,0,0,3,20.35,92.75,0,0,0.06072137
1,0,0,0,57,1,2,1,0,0,0,2,2,0,2,1,1,90.45,5229.8,0,0,0.024864437
0,0,1,1,17,1,2,1,2,0,2,0,2,0,0,0,2,94.4,1607.2,1,1,0.7908109
0,0,1,0,52,1,2,1,0,2,0,2,2,2,0,1,1,102.7,5138.1,0,0,0.18027431
1,0,0,0,15,1,2,0,0,2,0,2,0,0,0,1,1,58.6,939.7,1,0,0.19265415
1,1,0,0,24,1,2,1,0,0,0,0,0,0,0,1,2,76.1,1712.7,1,1,0.653484
1,0,1,1,30,1,2,1,2,2,0,0,2,0,0,1,2,94.4,2838.7,1,0,0.37830698
1,0,0,0,3,1,0,0,2,0,2,0,2,2,0,1,2,77.4,206.15,0,0,0.19665997
1,0,1,0,23,1,2,1,2,2,2,0,2,0,0,1,2,99.25,2186.4,1,1,0.8818133
0,0,0,0,29,1,0,2,1,1,1,1,1,1,0,0,1,19.35,601.6,0,0,0.043734554
0,0,0,0,1,0,1,0,0,0,0,0,0,0,0,0,3,24.4,24.4,0,0,0.19505526
1,0,0,0,2,1,0,0,0,0,0,2,0,0,0,1,1,50.2,109.25,0,0,0.26570782
1,0,1,1,40,1,2,1,0,0,2,0,0,0,0,1,2,81.2,3292.3,0,1,0.63340986
1,0,0,0,1,1,0,0,0,0,0,0,0,0,0,0,2,44.0,44.0,0,0,0.4161807
1,0,1,0,62,0,1,0,0,0,0,2,2,0,2,1,0,39.0,2337.45,0,0,0.0029562186
1,0,0,0,32,1,0,2,1,1,1,1,1,1,1,0,1,20.35,707.5,0,0,0.0061274515
0,0,1,1,33,1,0,2,1,1,1,1,1,1,2,0,1,19.8,641.35,0,0,0.0010512823
0,0,1,1,71,1,0,2,1,1,1,1,1,1,2,0,0,20.5,1500.95,0,0,0.00010490778
0,0,1,1,10,1,0,2,1,1,1,1,1,1,2,0,3,20.15,220.8,0,0,0.0015056955
0,0,0,1,15,1,0,0,2,2,2,2,0,0,1,0,1,65.6,1010.0,0,0,0.038094413
1,0,1,0,43,1,0,1,2,2,2,0,0,0,0,1,1,86.1,3551.65,0,0,0.057170555
1,0,0,0,2,1,2,1,0,0,0,0,2,0,0,1,2,85.65,181.5,1,1,0.9176307
1,0,0,0,5,1,2,1,0,0,0,0,2,2,0,1,0,94.85,462.8,1,1,0.9743283
0,0,0,0,68,0,1,0,2,0,2,2,0,0,2,0,3,38.9,2719.2,0,0,0.0040463074
1,0,0,0,2,1,0,0,0,0,0,0,0,0,0,0,3,44.65,74.9,1,0,0.470694
0,1,1,1,66,1,2,1,2,2,0,2,2,2,1,1,1,110.6,7210.85,0,0,0.068779014
1,0,0,0,1,1,0,1,0,0,0,0,0,0,0,1,2,69.65,69.65,1,1,0.9563344
0,1,0,0,50,1,2,1,2,2,0,0,0,0,0,1,2,83.4,4113.7,0,0,0.33318365
0,0,0,0,15,1,0,1,0,0,2,0,2,2,0,1,1,94.0,1505.45,0,1,0.61139953
1,0,1,0,65,1,2,1,2,0,2,0,2,2,0,1,2,104.25,6812.95,0,0,0.05454788
1,1,1,0,68,1,2,1,0,2,2,0,2,2,0,1,2,105.3,7299.65,1,0,0.18518369
0,0,1,1,72,1,0,2,1,1,1,1,1,1,2,1,3,20.7,1482.3,0,0,5.046133e-05
0,0,0,0,10,1,2,1,0,2,0,0,0,0,0,1,1,81.0,818.05,1,1,0.75451237
1,0,1,0,58,0,1,0,0,0,0,0,2,2,1,1,1,45.0,2689.35,0,0,0.16268362
1,0,0,0,1,1,0,1,0,0,0,0,2,2,0,1,2,89.25,89.25,0,1,0.87052286
0,0,0,0,12,1,2,1,0,0,0,0,0,2,0,1,2,86.55,1066.9,0,1,0.79521155
1,0,0,0,55,1,2,0,0,0,2,0,2,2,2,1,0,77.8,4323.35,0,0,0.004525759
1,0,0,0,3,1,2,1,0,0,0,0,0,0,0,1,2,74.4,229.55,1,1,0.60692286
0,0,0,1,15,1,0,1,0,0,0,0,0,0,0,0,0,69.0,994.8,1,0,0.3200575
0,0,0,0,54,1,2,1,0,2,0,0,2,2,2,1,0,97.2,5129.45,0,1,0.5788867
0,1,1,1,12,0,1,0,0,0,0,2,0,0,0,1,3,29.3,355.9,0,0,0.33116198
1,0,0,0,2,1,0,2,1,1,1,1,1,1,0,0,3,20.0,32.7,0,0,0.07943646
1,0,0,1,13,1,0,0,0,0,0,0,0,0,0,0,3,44.0,659.35,0,0,0.042274106
0,0,1,0,20,1,0,1,0,0,0,0,0,0,0,1,0,69.8,1540.35,0,0,0.23215598
0,0,1,0,72,0,1,0,2,2,2,2,2,2,2,0,0,65.5,4919.7,0,0,0.00061305077
0,0,1,0,67,1,2,0,2,2,2,0,0,0,2,0,3,65.65,4322.85,0,0,0.0035300192
1,0,0,1,11,1,2,1,0,0,0,0,0,2,0,0,2,86.2,893.2,0,0,0.47688943
1,0,0,0,1,1,0,0,0,0,2,2,0,0,0,0,3,55.05,55.05,0,1,0.9172553
0,0,1,1,72,1,2,0,2,2,2,2,2,2,2,0,1,89.8,6510.45,0,0,0.00039457128
1,0,1,0,30,1,0,0,0,0,2,0,0,0,0,1,3,50.0,1474.9,0,0,0.06388292
0,1,0,0,27,1,2,1,0,2,2,0,0,0,0,1,0,86.45,2401.05,0,0,0.44566202
0,0,1,1,14,1,0,0,2,2,0,2,0,0,0,0,0,59.45,780.85,0,0,0.16678084
0,0,0,0,1,1,0,0,0,0,0,0,0,0,0,0,1,43.95,43.95,0,0,0.424482
0,0,0,0,46,1,2,0,2,0,2,0,2,2,2,0,3,79.2,3593.8,0,0,0.00512231
0,1,0,0,1,1,2,1,0,0,0,0,0,0,0,1,2,74.2,74.2,1,1,0.71980214
0,0,0,0,52,0,1,0,2,2,0,2,0,0,2,0,3,39.1,1982.1,0,0,0.005037239
1,0,0,0,1,1,0,0,0,0,0,0,0,0,0,0,2,45.3,45.3,1,1,0.70554376
1,0,1,0,22,1,0,1,0,0,2,0,2,2,0,1,1,94.7,1914.9,1,0,0.19550054
0,1,0,0,63,1,2,1,0,0,2,0,0,2,0,1,0,89.6,5538.8,0,0,0.018516397
0,0,1,1,1,1,0,1,0,0,0,0,0,0,0,1,2,69.8,69.8,1,1,0.8437937
1,0,1,0,32,1,2,0,2,0,0,2,2,0,1,1,1,72.8,2333.05,0,0,0.041162957
0,0,0,0,5,1,0,0,0,2,0,0,0,0,0,0,0,50.55,244.75,0,1,0.694612
1,0,0,0,54,1,0,0,2,2,0,2,2,0,0,1,3,69.9,3883.3,0,0,0.0021840888
0,0,0,0,1,1,0,2,1,1,1,1,1,1,0,0,3,19.5,19.5,0,0,0.375471
0,0,0,0,18,1,2,1,0,0,0,2,2,2,0,1,0,99.85,1776.95,1,1,0.7440957
1,0,0,0,6,1,0,0,0,0,2,0,2,0,0,0,3,60.9,414.1,0,0,0.26876503
1,0,1,1,6,1,0,0,0,2,2,0,0,0,0,1,3,55.3,324.25,1,0,0.4446248
1,0,0,0,1,1,0,2,1,1,1,1,1,1,0,0,3,19.1,19.1,0,0,0.13895929
1,0,0,0,17,1,0,0,2,2,0,0,0,0,0,1,1,55.5,934.15,0,0,0.22680698
1,1,1,0,1,1,2,1,2,0,0,0,0,0,0,1,2,80.3,80.3,1,1,0.8003896
0,0,1,0,9,1,0,1,0,0,0,0,0,2,0,1,2,79.75,769.1,0,1,0.54866594
1,0,1,1,72,1,2,0,2,2,2,2,2,2,2,0,1,88.7,6501.35,0,0,0.000326344
1,0,0,0,12,1,0,0,0,0,0,2,0,0,0,0,0,50.25,593.75,1,0,0.034486033
0,0,1,1,39,1,0,2,1,1,1,1,1,1,2,1,0,19.85,854.8,0,0,0.0013949263
1,1,1,0,35,1,2,1,2,2,0,0,0,2,0,1,2,94.55,3365.4,0,0,0.14393833
0,0,0,0,72,1,2,1,0,0,2,2,2,2,2,1,1,107.5,7853.7,0,0,0.013767911
0,0,0,1,17,1,2,0,0,0,2,0,0,0,1,1,3,55.85,937.5,1,0,0.024648296
1,0,0,0,72,1,2,0,2,2,2,2,0,0,2,0,0,69.65,4908.25,0,0,0.00032770235
0,0,0,0,59,1,2,1,0,2,2,0,0,0,0,1,2,83.25,4949.1,0,0,0.2728149
1,0,1,0,72,1,2,1,0,2,0,0,2,2,2,1,2,99.4,7285.7,0,0,0.21667542
1,1,1,1,60,1,2,1,2,0,0,0,0,0,0,1,2,80.95,4859.1,0,0,0.093178526
0,1,0,0,72,1,2,1,2,2,2,2,2,2,2,1,1,117.35,8436.25,0,0,0.0022581234
1,0,0,0,15,0,1,0,0,0,0,2,0,0,0,1,2,29.7,438.25,1,0,0.09686978
1,0,1,0,68,0,1,0,2,0,2,0,2,2,2,1,0,54.1,3794.5,0,0,0.0092760995
0,1,0,0,71,1,2,1,0,0,2,0,2,2,2,0,0,104.05,7413.55,0,0,0.006231153
1,0,1,1,58,1,2,1,0,0,2,2,2,2,1,1,0,105.05,6004.85,0,1,0.5671595
1,0,0,0,44,1,0,1,0,2,0,2,2,2,0,0,2,100.55,4398.15,1,0,0.037635446
0,1,1,0,72,1,2,1,2,0,2,2,2,2,2,1,3,109.75,8075.35,0,0,0.0008113911
1,0,1,1,6,1,2,2,1,1,1,1,1,1,2,0,3,25.4,153.3,0,0,0.0017494055
0,0,0,0,9,1,0,2,1,1,1,1,1,1,0,0,3,20.25,186.15,0,0,0.17537531
1,0,1,1,66,1,0,2,1,1,1,1,1,1,2,0,1,20.0,1374.2,0,0,0.00024680656
0,0,0,0,13,1,0,1,0,2,2,0,0,0,0,1,2,79.25,1111.65,1,1,0.626472
1,1,0,0,20,1,2,1,0,0,0,0,2,0,0,1,2,84.35,1745.2,0,1,0.73594785
1,0,0,1,1,1,0,2,1,1,1,1,1,1,0,1,3,19.2,19.2,0,0,0.36978135
0,0,1,1,5,1,2,2,1,1,1,1,1,1,0,1,3,24.3,132.25,0,0,0.12721175
1,0,1,0,51,1,0,0,2,2,2,2,2,2,2,1,1,83.85,4307.1,0,0,0.0013402579
1,0,0,0,32,1,2,1,0,2,0,0,0,0,0,1,0,80.35,2596.15,1,0,0.3713823
1,0,1,0,67,1,0,1,2,2,0,0,0,2,1,1,1,90.6,6056.15,1,0,0.0039560627
1,0,1,1,12,1,2,2,1,1,1,1,1,1,2,1,0,25.4,313.0,0,0,0.0036888078
1,0,0,0,27,1,2,1,0,0,2,0,0,0,0,1,2,81.3,2272.8,0,0,0.47726813
1,1,1,0,60,1,0,1,0,2,2,0,2,2,1,1,2,97.95,5867.0,0,0,0.18004504
0,0,0,1,18,1,2,0,2,0,0,0,0,2,0,0,2,64.8,1166.7,0,0,0.3242089
0,1,0,0,3,1,0,1,0,0,0,0,0,0,0,1,2,70.3,235.5,1,0,0.43813455
0,0,0,0,1,1,0,2,1,1,1,1,1,1,0,0,2,19.3,19.3,1,0,0.06456051
0,0,0,0,2,1,0,2,1,1,1,1,1,1,0,0,3,20.35,45.3,0,0,0.04820809
0,0,0,0,30,0,1,0,0,0,0,2,0,2,1,1,1,40.35,1187.05,0,0,0.020351795
1,0,1,0,71,1,2,1,2,2,2,0,2,2,1,1,2,109.6,7854.15,0,0,0.22358264
0,0,1,0,17,1,2,1,0,0,0,0,2,2,0,0,2,92.6,1579.7,0,0,0.46166438
1,0,0,0,3,1,0,1,0,2,0,0,0,2,0,0,2,84.3,235.05,0,0,0.34527916
0,0,0,0,1,1,0,0,0,0,0,0,0,0,0,0,3,45.3,45.3,0,0,0.48035535
0,1,0,0,67,1,2,0,0,2,0,0,0,0,0,0,2,54.9,3725.5,0,0,0.0067527634
1,0,0,0,31,1,2,1,0,0,0,2,0,0,1,0,1,81.7,2548.65,0,0,0.025365647
1,1,0,0,29,1,0,1,0,2,2,0,2,2,0,1,0,101.45,2948.6,0,0,0.47679737
1,1,1,0,41,1,2,1,2,0,2,0,0,0,0,1,0,83.75,3273.55,1,0,0.19190085
1,0,0,0,11,1,0,1,2,0,2,0,0,0,0,1,0,79.5,795.65,0,0,0.44689906
1,0,1,1,24,1,0,0,2,2,0,2,0,2,0,1,1,70.3,1706.45,0,0,0.059737463
1,0,0,1,18,1,0,0,0,0,0,0,0,0,0,1,1,45.65,747.2,0,0,0.06337672
1,0,1,1,25,1,0,1,0,0,0,2,2,0,0,0,2,85.9,2199.05,0,0,0.21345478
0,1,1,0,13,0,1,0,0,0,0,0,2,2,0,0,2,45.3,528.45,0,1,0.6795091
1,0,0,0,4,1,0,1,0,0,0,0,0,2,0,1,2,79.9,324.3,1,1,0.6935861
0,0,0,0,29,0,1,0,0,0,0,2,0,0,0,1,2,31.2,926.2,0,0,0.15852572
0,0,1,0,72,1,2,1,2,0,0,0,0,0,2,0,0,80.45,5737.6,0,0,0.000488294
1,0,1,1,70,1,0,2,1,1,1,1,1,1,2,0,1,20.05,1360.25,0,0,0.00021298887
1,0,1,1,67,1,0,1,0,2,2,2,2,2,2,0,0,103.15,6895.5,0,0,0.039539583
0,0,1,0,20,1,0,1,0,0,2,2,0,0,0,1,3,81.0,1683.7,0,0,0.12901036
1,0,0,0,64,1,0,1,2,2,0,0,2,2,1,1,1,100.3,6603.8,0,0,0.109701425
0,0,0,1,18,0,1,0,0,0,0,0,0,2,0,1,2,35.0,553.0,1,0,0.078799576
1,0,0,0,1,1,0,0,0,0,0,2,0,0,0,1,2,49.3,49.3,0,0,0.4179417
1,0,1,1,72,1,2,0,2,0,2,2,2,2,2,1,1,83.55,6093.3,0,0,0.00047198983
1,0,1,0,67,1,0,1,2,2,0,0,2,2,1,1,1,100.9,6733.15,0,0,0.06653758
1,0,0,0,5,1,0,0,0,0,2,0,2,2,1,1,3,70.0,347.4,1,0,0.18736283
1,0,0,0,24,1,2,0,2,0,0,0,0,0,0,1,0,55.65,1400.55,1,0,0.11659364
0,0,1,0,59,1,0,2,1,1,1,1,1,1,1,0,3,20.35,1267.0,0,0,0.032918688
0,0,0,0,71,1,2,1,0,2,2,2,2,2,2,1,2,111.25,7984.15,0,0,0.026700798
0,0,0,0,1,1,0,1,0,0,2,0,0,0,0,0,0,73.5,73.5,1,1,0.90291524
0,0,1,1,36,1,0,2,1,1,1,1,1,1,0,0,0,19.2,702.9,0,0,0.00538279
0,0,1,1,25,1,0,2,1,1,1,1,1,1,2,1,3,18.7,383.65,0,0,0.0070165046
1,0,1,1,6,1,0,1,0,0,0,0,0,0,0,1,2,69.8,377.85,0,1,0.6224838
1,0,1,0,50,1,2,1,0,2,0,0,2,2,1,1,2,98.25,4858.7,0,0,0.4344973
0,0,0,0,3,1,0,2,1,1,1,1,1,1,0,0,3,19.85,63.75,1,0,0.25891635
0,0,1,0,62,1,2,0,2,2,0,2,2,2,2,1,2,84.95,5150.55,0,0,0.0038609456
0,0,0,0,6,1,0,1,0,0,0,0,2,2,0,1,2,91.1,455.3,1,1,0.7481139
0,0,0,0,5,1,2,2,1,1,1,1,1,1,0,0,3,25.45,134.75,0,0,0.27074528
0,0,1,1,68,1,2,1,0,2,0,2,2,2,2,1,1,103.75,7039.45,0,0,0.011671923
1,0,0,1,14,1,0,0,2,2,2,2,0,2,2,0,0,76.1,1054.8,0,0,0.0008832339
0,1,1,0,30,1,2,1,0,2,0,0,2,0,0,1,2,90.05,2627.2,0,1,0.7036095
0,0,1,1,37,1,2,1,0,2,2,0,0,2,0,1,2,95.15,3532.85,0,1,0.51189923
0,0,1,1,69,1,2,1,2,2,2,2,2,2,2,0,1,113.25,7895.15,0,0,0.100642145
1,0,0,1,27,1,2,2,1,1,1,1,1,1,2,1,1,25.85,788.55,0,0,0.0007905788
1,0,1,1,51,1,2,1,2,2,0,2,2,2,1,0,1,110.05,5686.4,0,1,0.61010647
0,0,0,0,7,1,0,0,2,2,2,0,0,0,0,0,2,61.4,438.9,0,0,0.090776354
1,0,0,0,19,1,0,0,0,0,2,2,0,0,0,1,1,55.0,1046.5,1,0,0.14585538
1,0,0,0,25,1,0,2,1,1,1,1,1,1,1,0,1,19.9,510.8,0,0,0.004037276
1,0,1,0,56,1,2,1,2,0,0,0,2,2,1,1,2,100.55,5514.95,0,0,0.3025977
0,0,0,0,1,1,0,2,1,1,1,1,1,1,0,0,3,19.1,19.1,0,0,0.08991917
0,1,1,1,68,0,1,0,0,2,2,0,2,2,2,1,2,53.0,3656.25,0,0,0.021632401
1,1,1,0,61,1,2,1,0,2,0,0,0,0,0,1,2,82.15,4904.85,0,0,0.4956741
0,0,1,1,68,1,0,2,1,1,1,1,1,1,2,1,0,19.35,1292.65,0,0,0.0017160869
1,0,1,1,54,1,0,2,1,1,1,1,1,1,2,0,1,20.4,1090.6,0,0,0.003612057
1,0,0,0,1,1,2,0,0,0,0,0,0,0,0,1,2,50.45,50.45,1,1,0.7232973
1,0,0,0,1,1,0,2,1,1,1,1,1,1,0,0,3,19.05,19.05,0,0,0.13895929
1,0,0,0,12,1,2,1,0,0,0,0,2,2,0,0,2,94.55,1173.55,0,1,0.9018427
0,0,0,0,26,1,0,0,0,2,2,0,0,0,1,1,3,56.05,1553.2,0,0,0.035909757
0,1,0,0,35,1,2,1,2,2,2,2,2,2,1,1,0,110.8,3836.3,0,0,0.12797068
0,0,1,1,72,1,2,2,1,1,1,1,1,1,2,0,0,25.1,1857.85,0,0,0.00016669839
